Evergreen Valley College,CSE 30 - Programming Abstractions: Python (7.00),[['COMSC 076 - Computer Science II: Introduction to Data Structures (3.00)']]
,,
Evergreen Valley College,CSE 13S - Computer Systems and C Programming (7.00),[['COMSC 079C - Programming in C (3.00)']]
,,
Evergreen Valley College,"MATH 19A - Calculus for Science, Engineering, and Mathematics (5.00)","[['MATH 071 - Calculus I with Analytic Geometry (5.00)'], ['MATH 066 - Calculus I Late Transcendentals for STEM (4.00)']]"
,,
Evergreen Valley College,"MATH 19B - Calculus for Science, Engineering, and Mathematics (5.00)","[['MATH 072 - Calculus II with Analytic Geometry (5.00)'], ['MATH 067 - Calculus II Late Transcendentals for STEM (4.00)']]"
,,
Evergreen Valley College,CSE 12 - Computer Systems and Assembly Language and Lab (7.00),[['COMSC 077 - Introduction to Computer Systems (3.00)']]
,,
Evergreen Valley College,CSE 16 - APPLIED DISCRETE MATHEMATICS (5.00),[['COMSC 080 - Discrete Structures (3.00)']]
,,
Los Angeles City College,CSE 30 - Programming Abstractions: Python (7.00),[['CS 136 - Introduction to Data Structures (3.00)']]
,,
Los Angeles City College,CSE 13S - Computer Systems and C Programming (7.00),[['No Course Articulated']]
,,
Los Angeles City College,"MATH 19A - Calculus for Science, Engineering, and Mathematics (5.00)",[['MATH 261 - Calculus I (5.00)']]
,,
Los Angeles City College,"MATH 19B - Calculus for Science, Engineering, and Mathematics (5.00)",[['MATH 262 - Calculus II (5.00)']]
,,
Los Angeles City College,CSE 12 - Computer Systems and Assembly Language and Lab (7.00),[['CS 130 - Introduction To Computer Architecture and Organization (3.00)']]
,,
Los Angeles City College,CSE 16 - APPLIED DISCRETE MATHEMATICS (5.00),[['MATH 272 - Methods of Discrete Mathematics (5.00)']]
,,
College of Marin,CSE 30 - Programming Abstractions: Python (7.00),[['COMP 220 - Data Structures and Algorithms (3.00)']]
,,
College of Marin,CSE 13S - Computer Systems and C Programming (7.00),[['COMP 235 - Advanced Programming in C++ (4.00)']]
,,
College of Marin,"MATH 19A - Calculus for Science, Engineering, and Mathematics (5.00)",[['MATH 123 - Analytic Geometry and Calculus I (5.00)']]
,,
College of Marin,"MATH 19B - Calculus for Science, Engineering, and Mathematics (5.00)",[['MATH 124 - Analytic Geometry and Calculus II (5.00)']]
,,
College of Marin,CSE 12 - Computer Systems and Assembly Language and Lab (7.00),[['COMP 160 - Computer Organization: An Assembly Language Perspective (3.00)']]
,,
College of Marin,CSE 16 - APPLIED DISCRETE MATHEMATICS (5.00),"[['COMP 117 - Discrete Mathematics (3.00)'], ['MATH 117 - Discrete Mathematics (3.00)']]"
,,
College of San Mateo,CSE 30 - Programming Abstractions: Python (7.00),"[['CIS 256 - (CS2) Data Structures: Java (4.00)'], ['CIS 279 - (CS2) Data Structures: C ++ (4.00)']]"
,,
College of San Mateo,CSE 13S - Computer Systems and C Programming (7.00),[['CIS 278 - (CS1)Programming Methods I: C++ (4.00)']]
,,
College of San Mateo,"MATH 19A - Calculus for Science, Engineering, and Mathematics (5.00)",[['MATH 251 - Calculus with Analytic Geometry I (5.00)']]
,,
College of San Mateo,"MATH 19B - Calculus for Science, Engineering, and Mathematics (5.00)",[['MATH 252 - Calculus with Analytic Geometry II (5.00)']]
,,
College of San Mateo,CSE 12 - Computer Systems and Assembly Language and Lab (7.00),[['CIS 264 - Computer Organization and Systems Programming (4.00)']]
,,
College of San Mateo,CSE 16 - APPLIED DISCRETE MATHEMATICS (5.00),"[['CIS 262 - Discrete Mathematics for Computer Science (3.00)'], ['MATH 268 - Discrete Mathematics (4.00)']]"
,,
College of the Sequoias,CSE 30 - Programming Abstractions: Python (7.00),[['CSCI 002 - Programming Concepts/Method 2 (4.00)']]
,,
College of the Sequoias,CSE 13S - Computer Systems and C Programming (7.00),[['No Course Articulated']]
,,
College of the Sequoias,"MATH 19A - Calculus for Science, Engineering, and Mathematics (5.00)",[['MATH 065 - Calculus 1 (4.00)']]
,,
College of the Sequoias,"MATH 19B - Calculus for Science, Engineering, and Mathematics (5.00)",[['MATH 066 - Calculus 2 (4.00)']]
,,
College of the Sequoias,CSE 12 - Computer Systems and Assembly Language and Lab (7.00),[['No Course Articulated']]
,,
College of the Sequoias,CSE 16 - APPLIED DISCRETE MATHEMATICS (5.00),[['No Course Articulated']]
,,
Butte College,CSE 30 - Programming Abstractions: Python (7.00),[['CSCI 21 - Programs and Algorithms II (3.00)']]
,,
Butte College,CSE 13S - Computer Systems and C Programming (7.00),[['No Course Articulated']]
,,
Butte College,"MATH 19A - Calculus for Science, Engineering, and Mathematics (5.00)",[['MATH 30 - Analytic Geometry and Calculus I (5.00)']]
,,
Butte College,"MATH 19B - Calculus for Science, Engineering, and Mathematics (5.00)",[['MATH 31 - Analytic Geometry and Calculus II (4.00)']]
,,
Butte College,CSE 12 - Computer Systems and Assembly Language and Lab (7.00),[['CSCI 10 - Computer Architecture and Organization (3.00)']]
,,
Butte College,CSE 16 - APPLIED DISCRETE MATHEMATICS (5.00),[['No Course Articulated']]
,,
Cerro Coso Community College,CSE 30 - Programming Abstractions: Python (7.00),[['No Course Articulated']]
,,
Cerro Coso Community College,CSE 13S - Computer Systems and C Programming (7.00),[['No Course Articulated']]
,,
Cerro Coso Community College,"MATH 19A - Calculus for Science, Engineering, and Mathematics (5.00)",[['MATH C151 - Analytic Geometry & Calculus I (4.00)']]
,,
Cerro Coso Community College,"MATH 19B - Calculus for Science, Engineering, and Mathematics (5.00)",[['MATH C152 - Analytic Geometry & Calculus II (4.00)']]
,,
Cerro Coso Community College,CSE 12 - Computer Systems and Assembly Language and Lab (7.00),[['No Course Articulated']]
,,
Cerro Coso Community College,CSE 16 - APPLIED DISCRETE MATHEMATICS (5.00),[['No Course Articulated']]
,,
Columbia College,CSE 30 - Programming Abstractions: Python (7.00),[['COMP 12P - Programming Concepts and Methodology II (Python) (4.00)']]
,,
Columbia College,CSE 13S - Computer Systems and C Programming (7.00),[['No Course Articulated']]
,,
Columbia College,"MATH 19A - Calculus for Science, Engineering, and Mathematics (5.00)","[['MATH 18A - Calculus I (5.00)', 'MATH 18B - Calculus II (5.00)']]"
,,
Columbia College,"MATH 19B - Calculus for Science, Engineering, and Mathematics (5.00)","[['MATH 18A - Calculus I (5.00)', 'MATH 18B - Calculus II (5.00)']]"
,,
Columbia College,CSE 12 - Computer Systems and Assembly Language and Lab (7.00),[['No Course Articulated']]
,,
Columbia College,CSE 16 - APPLIED DISCRETE MATHEMATICS (5.00),[['No Course Articulated']]
,,
Merritt College,CSE 30 - Programming Abstractions: Python (7.00),[['No Course Articulated']]
,,
Merritt College,CSE 13S - Computer Systems and C Programming (7.00),[['No Course Articulated']]
,,
Merritt College,"MATH 19A - Calculus for Science, Engineering, and Mathematics (5.00)",[['MATH 3A - Calculus I (5.00)']]
,,
Merritt College,"MATH 19B - Calculus for Science, Engineering, and Mathematics (5.00)",[['MATH 3B - Calculus II (5.00)']]
,,
Merritt College,CSE 12 - Computer Systems and Assembly Language and Lab (7.00),[['No Course Articulated']]
,,
Merritt College,CSE 16 - APPLIED DISCRETE MATHEMATICS (5.00),[['No Course Articulated']]
,,
Santa Ana College,CSE 30 - Programming Abstractions: Python (7.00),[['CMPR 131 - Data Structures Concepts (3.00)']]
,,
Santa Ana College,CSE 13S - Computer Systems and C Programming (7.00),[['No Course Articulated']]
,,
Santa Ana College,"MATH 19A - Calculus for Science, Engineering, and Mathematics (5.00)",[['MATH 180 - Single Variable Calculus I (4.00)']]
,,
Santa Ana College,"MATH 19B - Calculus for Science, Engineering, and Mathematics (5.00)",[['MATH 185 - Single Variable Calculus II (4.00)']]
,,
Santa Ana College,CSE 12 - Computer Systems and Assembly Language and Lab (7.00),[['No Course Articulated']]
,,
Santa Ana College,CSE 16 - APPLIED DISCRETE MATHEMATICS (5.00),[['No Course Articulated']]
,,
Cuesta College,CSE 30 - Programming Abstractions: Python (7.00),"[['CIS 232 - Fundamentals of Computer Science II (2.00)', 'CIS 233 - Fundamentals of Computer Science III (2.00)']]"
,,
Cuesta College,CSE 13S - Computer Systems and C Programming (7.00),[['No Course Articulated']]
,,
Cuesta College,"MATH 19A - Calculus for Science, Engineering, and Mathematics (5.00)",[['MATH 265A - Calculus I (5.00)']]
,,
Cuesta College,"MATH 19B - Calculus for Science, Engineering, and Mathematics (5.00)",[['MATH 265B - Calculus II (5.00)']]
,,
Cuesta College,CSE 12 - Computer Systems and Assembly Language and Lab (7.00),[['CIS 240 - Microcomputer Architecture and Programming (3.00)']]
,,
Cuesta College,CSE 16 - APPLIED DISCRETE MATHEMATICS (5.00),[['CIS 241 - Discrete Structures (3.00)']]
,,
Merced College,CSE 30 - Programming Abstractions: Python (7.00),[['CPSC -39 - Programming Concepts and Methodology II (4.00)']]
,,
Merced College,CSE 13S - Computer Systems and C Programming (7.00),[['No Course Articulated']]
,,
Merced College,"MATH 19A - Calculus for Science, Engineering, and Mathematics (5.00)",[['MATH -04A - Calculus I (4.00)']]
,,
Merced College,"MATH 19B - Calculus for Science, Engineering, and Mathematics (5.00)",[['MATH -04B - Calculus II (4.00)']]
,,
Merced College,CSE 12 - Computer Systems and Assembly Language and Lab (7.00),[['CPSC -42 - Computer Architecture and Organization (3.00)']]
,,
Merced College,CSE 16 - APPLIED DISCRETE MATHEMATICS (5.00),"[['CPSC -07 - Discrete Structures (3.00)'], ['MATH -07 - Discrete Structures (3.00)']]"
,,
Las Positas College,CSE 30 - Programming Abstractions: Python (7.00),[['CS 20 - Advanced Programming with Data Structures/C++ (4.00)']]
,,
Las Positas College,CSE 13S - Computer Systems and C Programming (7.00),[['CS 2 - Computing Fundamentals II (4.00)']]
,,
Las Positas College,"MATH 19A - Calculus for Science, Engineering, and Mathematics (5.00)",[['MATH 1 - Calculus I (5.00)']]
,,
Las Positas College,"MATH 19B - Calculus for Science, Engineering, and Mathematics (5.00)",[['MATH 2 - Calculus II (5.00)']]
,,
Las Positas College,CSE 12 - Computer Systems and Assembly Language and Lab (7.00),[['CS 21 - Computer Organization and Assembly Language Programming (4.00)']]
,,
Las Positas College,CSE 16 - APPLIED DISCRETE MATHEMATICS (5.00),"[['CS 17 - Discrete Mathematical Structures (4.00)'], ['MATH 10 - Discrete Mathematical Structures (4.00)']]"
,,
Victor Valley College,CSE 30 - Programming Abstractions: Python (7.00),[['No Course Articulated']]
,,
Victor Valley College,CSE 13S - Computer Systems and C Programming (7.00),[['No Course Articulated']]
,,
Victor Valley College,"MATH 19A - Calculus for Science, Engineering, and Mathematics (5.00)","[['MATH 226 - Analytic Geometry and Calculus I (4.00)'], ['MATH 226H - Honors Analytic Geometry and Calculus I (4.00)']]"
,,
Victor Valley College,"MATH 19B - Calculus for Science, Engineering, and Mathematics (5.00)","[['MATH 227 - Analytic Geometry and Calculus II (4.00)'], ['MATH 227H - Honors Analytic Geometry and Calculus II (4.00)']]"
,,
Victor Valley College,CSE 12 - Computer Systems and Assembly Language and Lab (7.00),[['CIS 208 - Computer Architecture and Organization (3.00)']]
,,
Victor Valley College,CSE 16 - APPLIED DISCRETE MATHEMATICS (5.00),[['No Course Articulated']]
,,
Barstow Community College,CSE 30 - Programming Abstractions: Python (7.00),[['No Course Articulated']]
,,
Barstow Community College,CSE 13S - Computer Systems and C Programming (7.00),[['No Course Articulated']]
,,
Barstow Community College,"MATH 19A - Calculus for Science, Engineering, and Mathematics (5.00)",[['MATH 4A - Calculus I (4.00)']]
,,
Barstow Community College,"MATH 19B - Calculus for Science, Engineering, and Mathematics (5.00)",[['MATH 4B - Calculus II (4.00)']]
,,
Barstow Community College,CSE 12 - Computer Systems and Assembly Language and Lab (7.00),[['No Course Articulated']]
,,
Barstow Community College,CSE 16 - APPLIED DISCRETE MATHEMATICS (5.00),[['No Course Articulated']]
,,
Los Angeles Trade Technical College,CSE 30 - Programming Abstractions: Python (7.00),[['No Course Articulated']]
,,
Los Angeles Trade Technical College,CSE 13S - Computer Systems and C Programming (7.00),[['CS 116 - Programming in C++ (3.00)']]
,,
Los Angeles Trade Technical College,"MATH 19A - Calculus for Science, Engineering, and Mathematics (5.00)",[['MATH 265 - Calculus with Analytic Geometry I (5.00)']]
,,
Los Angeles Trade Technical College,"MATH 19B - Calculus for Science, Engineering, and Mathematics (5.00)","[['MATH 266 - Calculus with Analytic Geometry II (5.00)', 'MATH 267 - Calculus with Analytic Geometry III (5.00)']]"
,,
Los Angeles Trade Technical College,CSE 12 - Computer Systems and Assembly Language and Lab (7.00),[['No Course Articulated']]
,,
Los Angeles Trade Technical College,CSE 16 - APPLIED DISCRETE MATHEMATICS (5.00),[['MATH 272 - Methods of Discrete Mathematics (5.00)']]
,,
American River College,CSE 30 - Programming Abstractions: Python (7.00),[['CISP 430 - Data Structures (4.00)']]
,,
American River College,CSE 13S - Computer Systems and C Programming (7.00),[['CISP 400 - Object Oriented Programming with C++ (4.00)']]
,,
American River College,"MATH 19A - Calculus for Science, Engineering, and Mathematics (5.00)",[['MATH 400 - Calculus I (5.00)']]
,,
American River College,"MATH 19B - Calculus for Science, Engineering, and Mathematics (5.00)",[['MATH 401 - Calculus II (5.00)']]
,,
American River College,CSE 12 - Computer Systems and Assembly Language and Lab (7.00),[['No Course Articulated']]
,,
American River College,CSE 16 - APPLIED DISCRETE MATHEMATICS (5.00),[['CISP 440 - Discrete Structures for Computer Science (3.00)']]
,,
Contra Costa College,CSE 30 - Programming Abstractions: Python (7.00),[['COMP 252 - Data Structures and Algorithms (4.00)']]
,,
Contra Costa College,CSE 13S - Computer Systems and C Programming (7.00),[['COMP 165 - Advanced Programming with C and C++ (4.00)']]
,,
Contra Costa College,"MATH 19A - Calculus for Science, Engineering, and Mathematics (5.00)",[['MATH 190 - Analytic Geometry and Calculus I (5.00)']]
,,
Contra Costa College,"MATH 19B - Calculus for Science, Engineering, and Mathematics (5.00)",[['MATH 191 - Analytic Geometry and Calculus II (4.00)']]
,,
Contra Costa College,CSE 12 - Computer Systems and Assembly Language and Lab (7.00),[['COMP 265 - Assembly Language Programming/Computer Organization (4.00)']]
,,
Contra Costa College,CSE 16 - APPLIED DISCRETE MATHEMATICS (5.00),[['MATH 185 - Discrete Mathematics (3.00)']]
,,
College of the Desert,CSE 30 - Programming Abstractions: Python (7.00),[['CS 9 - Data Structures and Algorithms (4.00)']]
,,
College of the Desert,CSE 13S - Computer Systems and C Programming (7.00),[['No Course Articulated']]
,,
College of the Desert,"MATH 19A - Calculus for Science, Engineering, and Mathematics (5.00)",[['MATH 1A - Calculus (4.00)']]
,,
College of the Desert,"MATH 19B - Calculus for Science, Engineering, and Mathematics (5.00)",[['MATH 1B - Calculus (4.00)']]
,,
College of the Desert,CSE 12 - Computer Systems and Assembly Language and Lab (7.00),[['CS 8 - Computer Architecture and Organization (3.00)']]
,,
College of the Desert,CSE 16 - APPLIED DISCRETE MATHEMATICS (5.00),[['MATH 15 - Discrete Mathematics for Computers (4.00)']]
,,
Los Angeles Harbor College,CSE 30 - Programming Abstractions: Python (7.00),[['No Course Articulated']]
,,
Los Angeles Harbor College,CSE 13S - Computer Systems and C Programming (7.00),[['No Course Articulated']]
,,
Los Angeles Harbor College,"MATH 19A - Calculus for Science, Engineering, and Mathematics (5.00)",[['MATH 265 - Calculus with Analytic Geometry I (5.00)']]
,,
Los Angeles Harbor College,"MATH 19B - Calculus for Science, Engineering, and Mathematics (5.00)",[['MATH 266 - Calculus with Analytic Geometry II (5.00)']]
,,
Los Angeles Harbor College,CSE 12 - Computer Systems and Assembly Language and Lab (7.00),[['CS 130 - Introduction to Computer Architecture and Organization (3.00)']]
,,
Los Angeles Harbor College,CSE 16 - APPLIED DISCRETE MATHEMATICS (5.00),[['CS 131 - Discrete Structures for Computer Science (3.00)']]
,,
Mission College,CSE 30 - Programming Abstractions: Python (7.00),"[['CIS 008 - Advanced Python Programming (4.00)'], ['CIS 044 - Introduction to Data Structures Using Java (4.00)']]"
,,
Mission College,CSE 13S - Computer Systems and C Programming (7.00),"[['CIS 037A - Introduction to C Programming (4.00)'], ['EGR 030 - Introduction to Computing for Engineers (4.00)']]"
,,
Mission College,"MATH 19A - Calculus for Science, Engineering, and Mathematics (5.00)",[['MAT 003A - Analytic Geometry and Calculus I (5.00)']]
,,
Mission College,"MATH 19B - Calculus for Science, Engineering, and Mathematics (5.00)",[['MAT 003B - Analytic Geometry and Calculus II (5.00)']]
,,
Mission College,CSE 12 - Computer Systems and Assembly Language and Lab (7.00),[['CIS 039 - Introduction to Computer Systems and Assembly Language (4.00)']]
,,
Mission College,CSE 16 - APPLIED DISCRETE MATHEMATICS (5.00),[['MAT 019 - Discrete Mathematics (4.00)']]
,,
City College of San Francisco,CSE 30 - Programming Abstractions: Python (7.00),"[['CS 110C - Data Structures and Algorithms: C++ (4.00)'], ['CS 111C - Data Structures and Algorithms: Java (4.00)']]"
,,
City College of San Francisco,CSE 13S - Computer Systems and C Programming (7.00),[['CS 110B - Programming Fundamentals: C++ (4.00)']]
,,
City College of San Francisco,"MATH 19A - Calculus for Science, Engineering, and Mathematics (5.00)",[['MATH 110A - Calculus I (5.00)']]
,,
City College of San Francisco,"MATH 19B - Calculus for Science, Engineering, and Mathematics (5.00)",[['MATH 110B - Calculus II (5.00)']]
,,
City College of San Francisco,CSE 12 - Computer Systems and Assembly Language and Lab (7.00),[['CS 270 - Computer Architecture with Assembly Language (4.00)']]
,,
City College of San Francisco,CSE 16 - APPLIED DISCRETE MATHEMATICS (5.00),[['MATH 115 - Discrete Mathematics (3.00)']]
,,
Fresno City College,CSE 30 - Programming Abstractions: Python (7.00),[['CSCI 41 - Programming Concepts and Methodology II (4.00)']]
,,
Fresno City College,CSE 13S - Computer Systems and C Programming (7.00),[['CSCI 40 - Programming Concepts and Methodology I (4.00)']]
,,
Fresno City College,"MATH 19A - Calculus for Science, Engineering, and Mathematics (5.00)",[['MATH 5A - Mathematical Analysis I (5.00)']]
,,
Fresno City College,"MATH 19B - Calculus for Science, Engineering, and Mathematics (5.00)",[['MATH 5B - Mathematical Analysis II (4.00)']]
,,
Fresno City College,CSE 12 - Computer Systems and Assembly Language and Lab (7.00),[['No Course Articulated']]
,,
Fresno City College,CSE 16 - APPLIED DISCRETE MATHEMATICS (5.00),[['CSCI 26 - Discrete Mathematics for Computer Science (4.00)']]
,,
Reedley College,CSE 30 - Programming Abstractions: Python (7.00),[['CSCI 41 - Programming Concepts and Methodology II (4.00)']]
,,
Reedley College,CSE 13S - Computer Systems and C Programming (7.00),[['No Course Articulated']]
,,
Reedley College,"MATH 19A - Calculus for Science, Engineering, and Mathematics (5.00)",[['MATH 5A - Calculus I (5.00)']]
,,
Reedley College,"MATH 19B - Calculus for Science, Engineering, and Mathematics (5.00)",[['MATH 5B - Calculus II (4.00)']]
,,
Reedley College,CSE 12 - Computer Systems and Assembly Language and Lab (7.00),[['CSCI 45 - Computer Organization and Assembly Language(4.00)']]
,,
Reedley College,CSE 16 - APPLIED DISCRETE MATHEMATICS (5.00),[['CSCI 26 - Discrete Mathematics for Computer Science Programming (4.00)']]
,,
Shasta College,CSE 30 - Programming Abstractions: Python (7.00),[['No Course Articulated']]
,,
Shasta College,CSE 13S - Computer Systems and C Programming (7.00),[['No Course Articulated']]
,,
Shasta College,"MATH 19A - Calculus for Science, Engineering, and Mathematics (5.00)",[['MATH 3A - Calculus (4.00)']]
,,
Shasta College,"MATH 19B - Calculus for Science, Engineering, and Mathematics (5.00)",[['MATH 3B - Calculus (5.00)']]
,,
Shasta College,CSE 12 - Computer Systems and Assembly Language and Lab (7.00),[['CIS 63 - Assembler Language Programming (4.00)']]
,,
Shasta College,CSE 16 - APPLIED DISCRETE MATHEMATICS (5.00),[['CIS 67 - Discrete Structures (3.00)']]
,,
Lake Tahoe Community College,CSE 30 - Programming Abstractions: Python (7.00),[['CIS 120C - Computer Programming III (4.00)']]
,,
Lake Tahoe Community College,CSE 13S - Computer Systems and C Programming (7.00),[['No Course Articulated']]
,,
Lake Tahoe Community College,"MATH 19A - Calculus for Science, Engineering, and Mathematics (5.00)",[['MAT 105 - Calculus and Analytic Geometry (Part I) (5.00)']]
,,
Lake Tahoe Community College,"MATH 19B - Calculus for Science, Engineering, and Mathematics (5.00)","[['MAT 106 - Calculus and Analytic Geometry (Part II) (5.00)', 'MAT 107 - Calculus and Analytic Geometry (Part III) (5.00)']]"
,,
Lake Tahoe Community College,CSE 12 - Computer Systems and Assembly Language and Lab (7.00),[['No Course Articulated']]
,,
Lake Tahoe Community College,CSE 16 - APPLIED DISCRETE MATHEMATICS (5.00),[['No Course Articulated']]
,,
Cabrillo College,CSE 30 - Programming Abstractions: Python (7.00),"[['CS 20P - Python Programming and Abstractions (4.00)'], ['CS 21 - Introduction to Data Structures and Algorithms (4.00)']]"
,,
Cabrillo College,CSE 13S - Computer Systems and C Programming (7.00),"[['CS 19 - C++ Programming (4.00)'], ['CS 25 - Computer Systems and C Programming (4.00)']]"
,,
Cabrillo College,CSE 12 - Computer Systems and Assembly Language and Lab (7.00),[['MATH 5A - Analytic Geometry and Calculus I (5.00)']]
,,
Cabrillo College,"MATH 19A - Calculus for Science, Engineering, and Mathematics (5.00)",[['MATH 5B - Analytic Geometry and Calculus II (5.00)']]
,,
Cabrillo College,"MATH 19B - Calculus for Science, Engineering, and Mathematics (5.00)",[['CS 24 - Elementary Computer Organization (4.00)']]
,,
Cabrillo College,CSE 16 - APPLIED DISCRETE MATHEMATICS (5.00),"[['CS 23 - Discrete Mathematics (4.00)'], ['MATH 23 - Discrete Mathematics (4.00)']]"
,,
Glendale Community College,CSE 30 - Programming Abstractions: Python (7.00),[['CS/IS 211 - Data Structures (4.00)']]
,,
Glendale Community College,CSE 13S - Computer Systems and C Programming (7.00),[['No Course Articulated']]
,,
Glendale Community College,"MATH 19A - Calculus for Science, Engineering, and Mathematics (5.00)","[['MATH 103E - Calculus and Analytic Geometry I (5.00)'], ['MATH 103EH - Honors Calculus and Analytic Geometry I (5.00)']]"
,,
Glendale Community College,"MATH 19B - Calculus for Science, Engineering, and Mathematics (5.00)","[['MATH 104E - Calculus and Analytic Geometry II (5.00)'], ['MATH 104EH - Honors Calculus and Analytic Geometry II (5.00)']]"
,,
Glendale Community College,CSE 12 - Computer Systems and Assembly Language and Lab (7.00),[['CS/IS 165 - Computer Architecture and Assembly Language (4.00)']]
,,
Glendale Community College,CSE 16 - APPLIED DISCRETE MATHEMATICS (5.00),[['No Course Articulated']]
,,
Los Angeles Valley College,CSE 30 - Programming Abstractions: Python (7.00),[['CS 136 - Introduction to Data Structures (3.00)']]
,,
Los Angeles Valley College,CSE 13S - Computer Systems and C Programming (7.00),[['No Course Articulated']]
,,
Los Angeles Valley College,"MATH 19A - Calculus for Science, Engineering, and Mathematics (5.00)",[['MATH 261 - Calculus I (5.00)']]
,,
Los Angeles Valley College,"MATH 19B - Calculus for Science, Engineering, and Mathematics (5.00)",[['MATH 262 - Calculus II (5.00)']]
,,
Los Angeles Valley College,CSE 12 - Computer Systems and Assembly Language and Lab (7.00),[['No Course Articulated']]
,,
Los Angeles Valley College,CSE 16 - APPLIED DISCRETE MATHEMATICS (5.00),[['No Course Articulated']]
,,
San Diego Miramar College,CSE 30 - Programming Abstractions: Python (7.00),[['No Course Articulated']]
,,
San Diego Miramar College,CSE 13S - Computer Systems and C Programming (7.00),[['CISC 192 - C/C++ Programming (4.00)']]
,,
San Diego Miramar College,"MATH 19A - Calculus for Science, Engineering, and Mathematics (5.00)",[['MATH 150 - Calculus with Analytic Geometry I (5.00)']]
,,
San Diego Miramar College,"MATH 19B - Calculus for Science, Engineering, and Mathematics (5.00)",[['MATH 151 - Calculus with Analytic Geometry II (4.00)']]
,,
San Diego Miramar College,CSE 12 - Computer Systems and Assembly Language and Lab (7.00),[['CISC 211 - Computer Organization and Assembly Language (4.00)']]
,,
San Diego Miramar College,CSE 16 - APPLIED DISCRETE MATHEMATICS (5.00),[['MATH 245 - Discrete Mathematics (3.00)']]
,,
Los Angeles Mission College,CSE 30 - Programming Abstractions: Python (7.00),[['CS 136 - Introduction to Data Structures (3.00)']]
,,
Los Angeles Mission College,CSE 13S - Computer Systems and C Programming (7.00),[['No Course Articulated']]
,,
Los Angeles Mission College,"MATH 19A - Calculus for Science, Engineering, and Mathematics (5.00)",[['MATH 261 - Calculus I (5.00)']]
,,
Los Angeles Mission College,"MATH 19B - Calculus for Science, Engineering, and Mathematics (5.00)",[['MATH 262 - Calculus II (5.00)']]
,,
Los Angeles Mission College,CSE 12 - Computer Systems and Assembly Language and Lab (7.00),[['No Course Articulated']]
,,
Los Angeles Mission College,CSE 16 - APPLIED DISCRETE MATHEMATICS (5.00),[['MATH 272 - Methods of Discrete Mathematics (5.00)']]
,,
Ohlone College,CSE 30 - Programming Abstractions: Python (7.00),[['CS 124 - Programming with Data Structures (3.00)']]
,,
Ohlone College,CSE 13S - Computer Systems and C Programming (7.00),[['CS 116 - Object-Oriented Programming Using C++ (4.00)']]
,,
Ohlone College,"MATH 19A - Calculus for Science, Engineering, and Mathematics (5.00)",[['MATH 101A - Calculus with Analytic Geometry (5.00)']]
,,
Ohlone College,"MATH 19B - Calculus for Science, Engineering, and Mathematics (5.00)",[['MATH 101B - Calculus with Analytic Geometry (5.00)']]
,,
Ohlone College,CSE 12 - Computer Systems and Assembly Language and Lab (7.00),[['CS 118 - Introduction to Assembly Language Programming (3.00)']]
,,
Ohlone College,CSE 16 - APPLIED DISCRETE MATHEMATICS (5.00),[['CS 113 - Discrete Structures (3.00)']]
,,
Pasadena City College,CSE 30 - Programming Abstractions: Python (7.00),[['CS 008 - Fundamentals of Computer Science III-Data Structures (4.00)']]
,,
Pasadena City College,CSE 13S - Computer Systems and C Programming (7.00),[['No Course Articulated']]
,,
Pasadena City College,"MATH 19A - Calculus for Science, Engineering, and Mathematics (5.00)","[['MATH 005A - Single Variable Calculus I (5.00)'], ['MATH 005AH - Honors Single Variable Calculus I (5.00)']]"
,,
Pasadena City College,"MATH 19B - Calculus for Science, Engineering, and Mathematics (5.00)","[['MATH 005B - Single Variable Calculus II (5.00)'], ['MATH 005BH - Honors Single Variable Calculus II (5.00)']]"
,,
Pasadena City College,CSE 12 - Computer Systems and Assembly Language and Lab (7.00),[['CS 066 - Assembly Language Programming for the Sciences and Mathematics (4.00)']]
,,
Pasadena City College,CSE 16 - APPLIED DISCRETE MATHEMATICS (5.00),"[['CS 045 - Discrete Structures with Computer Science Applications (5.00)'], ['MATH 022 - Discrete Mathematics (4.00)']]"
,,
Foothill College,CSE 30 - Programming Abstractions: Python (7.00),"[['CS 1C - Advanced Data Structures & Algorithims in JAVA (4.50)'], ['CS 2C - Advanced Data Structures & Algorithims in C++ (4.50)'], ['CS 3C - Advanced Data Structures & Algorithms in Python (4.50)']]"
,,
Foothill College,CSE 13S - Computer Systems and C Programming (7.00),[['CS 2B - Intermediate Software Design in C++ (4.50)']]
,,
Foothill College,"MATH 19A - Calculus for Science, Engineering, and Mathematics (5.00)","[['MATH 1A - Calculus (5.00)'], ['MATH 1B - Calculus (5.00)']]"
,,
Foothill College,"MATH 19B - Calculus for Science, Engineering, and Mathematics (5.00)","[['MATH 1B - Calculus (5.00)', 'MATH 1C - Calculus (5.00)']]"
,,
Foothill College,CSE 12 - Computer Systems and Assembly Language and Lab (7.00),[['CS 10 - Computer Architecture & Organization (4.50)']]
,,
Foothill College,CSE 16 - APPLIED DISCRETE MATHEMATICS (5.00),"[['CS 18 - Discrete Mathematics (5.00)'], ['MATH 22 - Discrete Mathematics (5.00)']]"
,,
Modesto Junior College,CSE 30 - Programming Abstractions: Python (7.00),[['CSCI 272 - Problem Solving and Programming 2 (3.00)']]
,,
Modesto Junior College,CSE 13S - Computer Systems and C Programming (7.00),[['No Course Articulated']]
,,
Modesto Junior College,"MATH 19A - Calculus for Science, Engineering, and Mathematics (5.00)","[['MATH 171 - Calculus: First Course (5.00)', 'MATH 172 - Calculus: Second Course (4.00)']]"
,,
Modesto Junior College,"MATH 19B - Calculus for Science, Engineering, and Mathematics (5.00)","[['MATH 171 - Calculus: First Course (5.00)', 'MATH 172 - Calculus: Second Course (4.00)']]"
,,
Modesto Junior College,CSE 12 - Computer Systems and Assembly Language and Lab (7.00),[['CSCI 273 - Assembly Language Programming (3.00)']]
,,
Modesto Junior College,CSE 16 - APPLIED DISCRETE MATHEMATICS (5.00),[['CSCI 204 - Discrete Structures for Computer Science (3.00)']]
,,
Mt. San Jacinto College,CSE 30 - Programming Abstractions: Python (7.00),[['CSIS- 211 - Introduction to Data Structures and Algorithms (3.00)']]
,,
Mt. San Jacinto College,CSE 13S - Computer Systems and C Programming (7.00),"[['CSIS- 113A - C++ Programming - Level 1 (3.00)'], ['CSIS- 123A - C++ Programming - Level 2 (3.00)']]"
,,
Mt. San Jacinto College,"MATH 19A - Calculus for Science, Engineering, and Mathematics (5.00)",[['MATH- 211 - Analytic Geometry and Calculus I (4.00)']]
,,
Mt. San Jacinto College,"MATH 19B - Calculus for Science, Engineering, and Mathematics (5.00)","[['MATH- 212 - Analytic Geometry and Calculus II (4.00)'], ['MATH- 212H - Honors Analytic Geometry and Calculus II (4.00)']]"
,,
Mt. San Jacinto College,CSE 12 - Computer Systems and Assembly Language and Lab (7.00),[['CSIS- 118B - Computer Organization & Assembly Language (3.00)']]
,,
Mt. San Jacinto College,CSE 16 - APPLIED DISCRETE MATHEMATICS (5.00),[['CSIS- 213 - Discrete Structures (3.00)']]
,,
San Diego City College,CSE 30 - Programming Abstractions: Python (7.00),[['No Course Articulated']]
,,
San Diego City College,CSE 13S - Computer Systems and C Programming (7.00),[['CISC 192 - C/C++ Programming (4.00)']]
,,
San Diego City College,"MATH 19A - Calculus for Science, Engineering, and Mathematics (5.00)",[['MATH 150 - Calculus with Analytic Geometry I (5.00)']]
,,
San Diego City College,"MATH 19B - Calculus for Science, Engineering, and Mathematics (5.00)",[['MATH 151 - Calculus with Analytic Geometry II (4.00)']]
,,
San Diego City College,CSE 12 - Computer Systems and Assembly Language and Lab (7.00),[['No Course Articulated']]
,,
San Diego City College,CSE 16 - APPLIED DISCRETE MATHEMATICS (5.00),[['MATH 245 - Discrete Mathematics (3.00)']]
,,
Golden West College,CSE 30 - Programming Abstractions: Python (7.00),[['CS G189 - Data Structures with C++ (4.00)']]
,,
Golden West College,CSE 13S - Computer Systems and C Programming (7.00),[['No Course Articulated']]
,,
Golden West College,"MATH 19A - Calculus for Science, Engineering, and Mathematics (5.00)",[['MATH G180 - Calculus 1 (4.00)']]
,,
Golden West College,"MATH 19B - Calculus for Science, Engineering, and Mathematics (5.00)",[['MATH G185 - Calculus 2 (4.00)']]
,,
Golden West College,CSE 12 - Computer Systems and Assembly Language and Lab (7.00),[['No Course Articulated']]
,,
Golden West College,CSE 16 - APPLIED DISCRETE MATHEMATICS (5.00),[['CS G262 - Discrete Structures (3.00)']]
,,
Palomar College,CSE 30 - Programming Abstractions: Python (7.00),[['CSCI 210 - Data Structures (4.00)']]
,,
Palomar College,CSE 12 - Computer Systems and Assembly Language and Lab (7.00),[['CSCI 112 - Programming Fundamentals I (4.00)']]
,,
Palomar College,CSE 13S - Computer Systems and C Programming (7.00),"[['MATH 140 - Calculus with Analytic Geometry, First Course (5.00)']]"
,,
Palomar College,"MATH 19A - Calculus for Science, Engineering, and Mathematics (5.00)","[['MATH 141 - Calculus with Analytic Geometry, Second Course (4.00)']]"
,,
Palomar College,"MATH 19B - Calculus for Science, Engineering, and Mathematics (5.00)",[['CSCI 212 - Machine Organization and Assembly Language (4.00)']]
,,
Palomar College,CSE 16 - APPLIED DISCRETE MATHEMATICS (5.00),[['MATH 245 - Discrete Mathematics (3.00)']]
,,
Santa Rosa Junior College,CSE 30 - Programming Abstractions: Python (7.00),[['CS 10C - Programming Concepts and Methodologies 2 (4.00)']]
,,
Santa Rosa Junior College,CSE 13S - Computer Systems and C Programming (7.00),[['No Course Articulated']]
,,
Santa Rosa Junior College,"MATH 19A - Calculus for Science, Engineering, and Mathematics (5.00)","[['MATH 1A - Calculus, First Course (5.00)']]"
,,
Santa Rosa Junior College,"MATH 19B - Calculus for Science, Engineering, and Mathematics (5.00)","[['MATH 1B - Calculus, Second Course (5.00)']]"
,,
Santa Rosa Junior College,CSE 12 - Computer Systems and Assembly Language and Lab (7.00),[['CS 12 - Assembly Language Programming/Computer Architecture (4.00)']]
,,
Santa Rosa Junior College,CSE 16 - APPLIED DISCRETE MATHEMATICS (5.00),[['MATH 4 - Discrete Mathematics (4.00)']]
,,
Berkeley City College,CSE 30 - Programming Abstractions: Python (7.00),[['CIS 27 - Data Structure and Algorithms (4.00)']]
,,
Berkeley City College,CSE 13S - Computer Systems and C Programming (7.00),[['No Course Articulated']]
,,
Berkeley City College,"MATH 19A - Calculus for Science, Engineering, and Mathematics (5.00)",[['MATH 3A - Calculus I (5.00)']]
,,
Berkeley City College,"MATH 19B - Calculus for Science, Engineering, and Mathematics (5.00)",[['MATH 3B - Calculus II (5.00)']]
,,
Berkeley City College,CSE 12 - Computer Systems and Assembly Language and Lab (7.00),[['CIS 20 - Microcomputer Assembly Language (4.00)']]
,,
Berkeley City College,CSE 16 - APPLIED DISCRETE MATHEMATICS (5.00),[['MATH 11 - Discrete Mathematics (4.00)']]
,,
Los Medanos College,CSE 30 - Programming Abstractions: Python (7.00),[['COMSC 132 - Programming Concepts & Methodologies II (3.00)']]
,,
Los Medanos College,CSE 13S - Computer Systems and C Programming (7.00),[['COMSC 44 - Introduction to C++ Programming (3.00)']]
,,
Los Medanos College,"MATH 19A - Calculus for Science, Engineering, and Mathematics (5.00)",[['MATH 210 - Calculus and Analytic Geometry I (4.00)']]
,,
Los Medanos College,"MATH 19B - Calculus for Science, Engineering, and Mathematics (5.00)",[['MATH 220 - Calculus and Analytic Geometry II (4.00)']]
,,
Los Medanos College,CSE 12 - Computer Systems and Assembly Language and Lab (7.00),[['No Course Articulated']]
,,
Los Medanos College,CSE 16 - APPLIED DISCRETE MATHEMATICS (5.00),[['MATH 160 - Discrete Math (4.00)']]
,,
Mount San Antonio College,CSE 30 - Programming Abstractions: Python (7.00),[['CSCI 220 - Data Structures I (3.50)']]
,,
Mount San Antonio College,CSE 13S - Computer Systems and C Programming (7.00),[['No Course Articulated']]
,,
Mount San Antonio College,"MATH 19A - Calculus for Science, Engineering, and Mathematics (5.00)",[['MATH 180 - Calculus and Analytic Geometry (4.00)']]
,,
Mount San Antonio College,"MATH 19B - Calculus for Science, Engineering, and Mathematics (5.00)",[['MATH 181 - Calculus and Analytic Geometry (4.00)']]
,,
Mount San Antonio College,CSE 12 - Computer Systems and Assembly Language and Lab (7.00),[['CSCI 150 - Assembly Language/Machine Architecture (3.50)']]
,,
Mount San Antonio College,CSE 16 - APPLIED DISCRETE MATHEMATICS (5.00),[['CSCI 190 - Discrete Mathematics Applied to Computer Science (4.00)']]
,,
Palo Verde College,CSE 30 - Programming Abstractions: Python (7.00),[['No Course Articulated']]
,,
Palo Verde College,CSE 13S - Computer Systems and C Programming (7.00),[['No Course Articulated']]
,,
Palo Verde College,"MATH 19A - Calculus for Science, Engineering, and Mathematics (5.00)",[['MAT 220 - Calculus I (5.00)']]
,,
Palo Verde College,"MATH 19B - Calculus for Science, Engineering, and Mathematics (5.00)",[['No Course Articulated']]
,,
Palo Verde College,CSE 12 - Computer Systems and Assembly Language and Lab (7.00),[['No Course Articulated']]
,,
Palo Verde College,CSE 16 - APPLIED DISCRETE MATHEMATICS (5.00),[['No Course Articulated']]
,,
Rio Hondo College,CSE 30 - Programming Abstractions: Python (7.00),[['No Course Articulated']]
,,
Rio Hondo College,CSE 13S - Computer Systems and C Programming (7.00),[['No Course Articulated']]
,,
Rio Hondo College,"MATH 19A - Calculus for Science, Engineering, and Mathematics (5.00)",[['MATH 190 - Calculus I (4.00)']]
,,
Rio Hondo College,"MATH 19B - Calculus for Science, Engineering, and Mathematics (5.00)",[['MATH 191 - Calculus II (4.00)']]
,,
Rio Hondo College,CSE 12 - Computer Systems and Assembly Language and Lab (7.00),[['No Course Articulated']]
,,
Rio Hondo College,CSE 16 - APPLIED DISCRETE MATHEMATICS (5.00),[['No Course Articulated']]
,,
Saddleback College,CSE 30 - Programming Abstractions: Python (7.00),"[['CS 1D - Data Structures (3.50)'], ['CS 1B - Introduction to Computer Science II (3.50)']]"
,,
Saddleback College,CSE 13S - Computer Systems and C Programming (7.00),[['No Course Articulated']]
,,
Saddleback College,"MATH 19A - Calculus for Science, Engineering, and Mathematics (5.00)","[['MATH 3A - Analytic Geometry and Calculus (5.00)'], ['MATH 3AH - Honors Analytic Geometry and Calculus (5.00)']]"
,,
Saddleback College,"MATH 19B - Calculus for Science, Engineering, and Mathematics (5.00)",[['MATH 3B - Analytic Geometry and Calculus (5.00)']]
,,
Saddleback College,CSE 12 - Computer Systems and Assembly Language and Lab (7.00),[['CS 3B - Computer Organization and Assembly Language (3.50)']]
,,
Saddleback College,CSE 16 - APPLIED DISCRETE MATHEMATICS (5.00),"[['CS 30A - Computer Discrete Mathematics I (3.00)'], ['CS 30B - Computer Discrete Mathematics II (3.00)'], ['MATH 30A - Computer Discrete Mathematics I (3.00)', 'MATH 30B - Computer Discrete Mathematics II (3.00)']]"
,,
Santiago Canyon College,CSE 30 - Programming Abstractions: Python (7.00),[['CMPR 131 - Data Structures Concepts (3.00)']]
,,
Santiago Canyon College,CSE 13S - Computer Systems and C Programming (7.00),[['No Course Articulated']]
,,
Santiago Canyon College,"MATH 19A - Calculus for Science, Engineering, and Mathematics (5.00)",[['MATH 180 - Single Variable Calculus I (4.00)']]
,,
Santiago Canyon College,"MATH 19B - Calculus for Science, Engineering, and Mathematics (5.00)",[['MATH 185 - Single Variable Calculus II (4.00)']]
,,
Santiago Canyon College,CSE 12 - Computer Systems and Assembly Language and Lab (7.00),[['No Course Articulated']]
,,
Santiago Canyon College,CSE 16 - APPLIED DISCRETE MATHEMATICS (5.00),[['No Course Articulated']]
,,
West Hills College Coalinga,CSE 30 - Programming Abstractions: Python (7.00),[['No Course Articulated']]
,,
West Hills College Coalinga,CSE 13S - Computer Systems and C Programming (7.00),[['No Course Articulated']]
,,
West Hills College Coalinga,"MATH 19A - Calculus for Science, Engineering, and Mathematics (5.00)",[['MATH 001A - Introduction to Calculus (5.00)']]
,,
West Hills College Coalinga,"MATH 19B - Calculus for Science, Engineering, and Mathematics (5.00)",[['MATH 001B - Calculus With Applications (5.00)']]
,,
West Hills College Coalinga,CSE 12 - Computer Systems and Assembly Language and Lab (7.00),[['No Course Articulated']]
,,
West Hills College Coalinga,CSE 16 - APPLIED DISCRETE MATHEMATICS (5.00),[['No Course Articulated']]
,,
Canada College,CSE 30 - Programming Abstractions: Python (7.00),"[['CIS 252 - Introduction to Data Structures-C++ (3.00)'], ['CIS 286 - Introduction to Data Structures-Java (3.00)']]"
,,
Canada College,CSE 13S - Computer Systems and C Programming (7.00),[['CIS 250 - Introduction to Object Oriented Programming-C++ (3.00)']]
,,
Canada College,"MATH 19A - Calculus for Science, Engineering, and Mathematics (5.00)",[['MATH 251 - Analytical Geometry and Calculus I (5.00)']]
,,
Canada College,"MATH 19B - Calculus for Science, Engineering, and Mathematics (5.00)",[['MATH 252 - Analytical Geometry and Calculus II (5.00)']]
,,
Canada College,CSE 12 - Computer Systems and Assembly Language and Lab (7.00),[['CIS 242 - Computer Architecture and Assembly Language (3.00)']]
,,
Canada College,CSE 16 - APPLIED DISCRETE MATHEMATICS (5.00),[['CIS 262 - Discrete Mathematics for Computer Science (3.00)']]
,,
Chaffey College,CSE 30 - Programming Abstractions: Python (7.00),[['No Course Articulated']]
,,
Chaffey College,CSE 13S - Computer Systems and C Programming (7.00),[['No Course Articulated']]
,,
Chaffey College,"MATH 19A - Calculus for Science, Engineering, and Mathematics (5.00)","[['MATH 65A - Calculus I (4.00)', 'MATH 65B - Calculus II (4.00)']]"
,,
Chaffey College,"MATH 19B - Calculus for Science, Engineering, and Mathematics (5.00)","[['MATH 65A - Calculus I (4.00)', 'MATH 65B - Calculus II (4.00)']]"
,,
Chaffey College,CSE 12 - Computer Systems and Assembly Language and Lab (7.00),[['No Course Articulated']]
,,
Chaffey College,CSE 16 - APPLIED DISCRETE MATHEMATICS (5.00),[['No Course Articulated']]
,,
Crafton Hills College,CSE 30 - Programming Abstractions: Python (7.00),[['CSCI 230 - Data Structures and Algorithms (Java) (3.00)']]
,,
Crafton Hills College,CSE 13S - Computer Systems and C Programming (7.00),[['CSCI 120 - Introduction to Computer Science II (C++) (3.00)']]
,,
Crafton Hills College,"MATH 19A - Calculus for Science, Engineering, and Mathematics (5.00)",[['MATH 250 - Single Variable Calculus I (4.00)']]
,,
Crafton Hills College,"MATH 19B - Calculus for Science, Engineering, and Mathematics (5.00)",[['MATH 251 - Single Variable Calculus II (4.00)']]
,,
Crafton Hills College,CSE 12 - Computer Systems and Assembly Language and Lab (7.00),[['CSCI 240 - Computer Organization and Assembly Language Programming (3.00)']]
,,
Crafton Hills College,CSE 16 - APPLIED DISCRETE MATHEMATICS (5.00),"[['CSCI 200 - Discrete Structures (4.00)'], ['MATH 200 - Discrete Structures (4.00)']]"
,,
Cypress College,CSE 30 - Programming Abstractions: Python (7.00),[['CSCI 133 C - Data Structures in C++ (3.00)']]
,,
Cypress College,CSE 13S - Computer Systems and C Programming (7.00),[['No Course Articulated']]
,,
Cypress College,"MATH 19A - Calculus for Science, Engineering, and Mathematics (5.00)",[['MATH 150AC - Calculus I (4.00)']]
,,
Cypress College,"MATH 19B - Calculus for Science, Engineering, and Mathematics (5.00)",[['MATH 150BC - Calculus II (4.00)']]
,,
Cypress College,CSE 12 - Computer Systems and Assembly Language and Lab (7.00),[['No Course Articulated']]
,,
Cypress College,CSE 16 - APPLIED DISCRETE MATHEMATICS (5.00),[['CSCI 252 C - Discrete Structures (3.00)']]
,,
Gavilan College,CSE 30 - Programming Abstractions: Python (7.00),[['CSIS 46 - C++ Programming II (3.00)']]
,,
Gavilan College,CSE 13S - Computer Systems and C Programming (7.00),"[['CSIS 43 - C Programming (4.00)'], ['CSIS 45 - C++ Programming I (3.00)'], ['CSIS 46 - C++ Programming II (3.00)']]"
,,
Gavilan College,"MATH 19A - Calculus for Science, Engineering, and Mathematics (5.00)",[['MATH 1A - Single-Variable Calculus and Analytic Geometry (4.00)']]
,,
Gavilan College,"MATH 19B - Calculus for Science, Engineering, and Mathematics (5.00)",[['MATH 1B - Single-Variable Calculus and Analytic Geometry (4.00)']]
,,
Gavilan College,CSE 12 - Computer Systems and Assembly Language and Lab (7.00),[['No Course Articulated']]
,,
Gavilan College,CSE 16 - APPLIED DISCRETE MATHEMATICS (5.00),[['CSIS 26 - Discrete Structures (3.00)']]
,,
Napa Valley College,CSE 30 - Programming Abstractions: Python (7.00),[['COMS 216 - Programming Concepts and Methodology II (3.00)']]
,,
Napa Valley College,CSE 13S - Computer Systems and C Programming (7.00),[['No Course Articulated']]
,,
Napa Valley College,"MATH 19A - Calculus for Science, Engineering, and Mathematics (5.00)",[['MATH 120 - Calculus I (5.00)']]
,,
Napa Valley College,"MATH 19B - Calculus for Science, Engineering, and Mathematics (5.00)",[['MATH 121 - Calculus II (5.00)']]
,,
Napa Valley College,CSE 12 - Computer Systems and Assembly Language and Lab (7.00),[['No Course Articulated']]
,,
Napa Valley College,CSE 16 - APPLIED DISCRETE MATHEMATICS (5.00),[['No Course Articulated']]
,,
Orange Coast College,CSE 30 - Programming Abstractions: Python (7.00),[['CS A200 - Data Structures (4.00)']]
,,
Orange Coast College,CSE 13S - Computer Systems and C Programming (7.00),"[['CS A150 - C++ Programming Language 1 (4.00)'], ['CS A250 - C++ Programming Language 2 (4.00)']]"
,,
Orange Coast College,"MATH 19A - Calculus for Science, Engineering, and Mathematics (5.00)","[['MATH A180 - Calculus 1 (4.00)'], ['MATH A180H - Honors Calculus 1 (4.00)'], ['MATH A182H - Honors Calculus 1 and 2 (5.00)']]"
,,
Orange Coast College,"MATH 19B - Calculus for Science, Engineering, and Mathematics (5.00)","[['MATH A182H - Honors Calculus 1 and 2 (5.00)'], ['MATH A185 - Calculus 2 (4.00)'], ['MATH A185H - Honors Calculus 2 (4.00)']]"
,,
Orange Coast College,CSE 12 - Computer Systems and Assembly Language and Lab (7.00),[['CS A216 - Computer Architecture (4.00)']]
,,
Orange Coast College,CSE 16 - APPLIED DISCRETE MATHEMATICS (5.00),"[['MATH A230 - Introduction to Discrete Mathematics (5.00)'], ['CS A257 - Boolean Algebra & Logic (3.00)', 'CS A262 - Discrete Structures (3.00)']]"
,,
Laney College,CSE 30 - Programming Abstractions: Python (7.00),[['CIS 27 - Data Structures and Algorithms (4.00)']]
,,
Laney College,CSE 13S - Computer Systems and C Programming (7.00),"[['CIS 25 - Object Oriented Programming Using C++ (4.00)'], ['CIS 27 - Data Structures and Algorithms (4.00)']]"
,,
Laney College,"MATH 19A - Calculus for Science, Engineering, and Mathematics (5.00)",[['MATH 3A - Calculus I (5.00)']]
,,
Laney College,"MATH 19B - Calculus for Science, Engineering, and Mathematics (5.00)",[['MATH 3B - Calculus II (5.00)']]
,,
Laney College,CSE 12 - Computer Systems and Assembly Language and Lab (7.00),[['CIS 20 - Microcomputer Assembly Language (4.00)']]
,,
Laney College,CSE 16 - APPLIED DISCRETE MATHEMATICS (5.00),[['MATH 11 - Discrete Mathematics (4.00)']]
,,
Riverside City College,CSE 30 - Programming Abstractions: Python (7.00),"[['CIS 17A - Programming Concepts and Methodology II: C++ (3.00)'], ['CIS 17C - C++ Programming: Data Structures (3.00)'], ['CIS 18C - Java Programming: Data Structures (3.00)']]"
,,
Riverside City College,CSE 13S - Computer Systems and C Programming (7.00),[['No Course Articulated']]
,,
Riverside City College,"MATH 19A - Calculus for Science, Engineering, and Mathematics (5.00)",[['MAT 1A - Calculus I (4.00)']]
,,
Riverside City College,"MATH 19B - Calculus for Science, Engineering, and Mathematics (5.00)",[['MAT 1B - Calculus II (4.00)']]
,,
Riverside City College,CSE 12 - Computer Systems and Assembly Language and Lab (7.00),[['No Course Articulated']]
,,
Riverside City College,CSE 16 - APPLIED DISCRETE MATHEMATICS (5.00),"[['CIS 7 - Discrete Structures (3.00)'], ['CSC 7 - Discrete Structures (3.00)']]"
,,
West Valley College,CSE 30 - Programming Abstractions: Python (7.00),"[['CIST 004B - Computer Programming II (C++) (4.00)'], ['CIST 004B1 - Computer Programming II (JAVA) (4.00)'], ['CIST 005B - Advanced Python (4.00)']]"
,,
West Valley College,CSE 13S - Computer Systems and C Programming (7.00),[['CIST 037 - C Programming (4.00)']]
,,
West Valley College,"MATH 19A - Calculus for Science, Engineering, and Mathematics (5.00)",[['MATH 003A - Calculus and Analytic Geometry (5.00)']]
,,
West Valley College,"MATH 19B - Calculus for Science, Engineering, and Mathematics (5.00)",[['MATH 003B - Calculus and Analytic Geometry (5.00)']]
,,
West Valley College,CSE 12 - Computer Systems and Assembly Language and Lab (7.00),[['CIST 039 - Microcomputer Assembler Programming (3.00)']]
,,
West Valley College,CSE 16 - APPLIED DISCRETE MATHEMATICS (5.00),[['MATH 019 - Discrete Mathematics (4.00)']]
,,
Lassen Community College,CSE 30 - Programming Abstractions: Python (7.00),[['No Course Articulated']]
,,
Lassen Community College,CSE 13S - Computer Systems and C Programming (7.00),[['No Course Articulated']]
,,
Lassen Community College,"MATH 19A - Calculus for Science, Engineering, and Mathematics (5.00)",[['MATH 1A - Analytic Geometry and Calculus I (5.00)']]
,,
Lassen Community College,"MATH 19B - Calculus for Science, Engineering, and Mathematics (5.00)",[['MATH 1B - Analytic Geometry and Calculus II (5.00)']]
,,
Lassen Community College,CSE 12 - Computer Systems and Assembly Language and Lab (7.00),[['No Course Articulated']]
,,
Lassen Community College,CSE 16 - APPLIED DISCRETE MATHEMATICS (5.00),[['No Course Articulated']]
,,
College of the Redwoods,CSE 30 - Programming Abstractions: Python (7.00),[['No Course Articulated']]
,,
College of the Redwoods,CSE 13S - Computer Systems and C Programming (7.00),[['No Course Articulated']]
,,
College of the Redwoods,"MATH 19A - Calculus for Science, Engineering, and Mathematics (5.00)",[['MATH 50A - Differential Calculus (4.00)']]
,,
College of the Redwoods,"MATH 19B - Calculus for Science, Engineering, and Mathematics (5.00)",[['MATH 50B - Integral Calculus (4.00)']]
,,
College of the Redwoods,CSE 12 - Computer Systems and Assembly Language and Lab (7.00),[['No Course Articulated']]
,,
College of the Redwoods,CSE 16 - APPLIED DISCRETE MATHEMATICS (5.00),[['No Course Articulated']]
,,
Bakersfield College,CSE 30 - Programming Abstractions: Python (7.00),[['COMP B12 - Programming Concepts and Methodology II (3.00)']]
,,
Bakersfield College,CSE 13S - Computer Systems and C Programming (7.00),[['No Course Articulated']]
,,
Bakersfield College,"MATH 19A - Calculus for Science, Engineering, and Mathematics (5.00)",[['MATH B6A - Analytic Geometry/Calculus I (4.00)']]
,,
Bakersfield College,"MATH 19B - Calculus for Science, Engineering, and Mathematics (5.00)",[['MATH B6B - Analytic Geometry and Calculus II (4.00)']]
,,
Bakersfield College,CSE 12 - Computer Systems and Assembly Language and Lab (7.00),[['No Course Articulated']]
,,
Bakersfield College,CSE 16 - APPLIED DISCRETE MATHEMATICS (5.00),[['COMP B14 - Discrete Structures (3.00)']]
,,
Los Angeles Pierce College,CSE 30 - Programming Abstractions: Python (7.00),"[['CS 136 - Introduction to Data Structures (3.00)'], ['CS 236 - Advanced Data Structures and Introduction to Databases (3.00)']]"
,,
Los Angeles Pierce College,CSE 13S - Computer Systems and C Programming (7.00),[['CS 116 - Programming in C++ (3.00)']]
,,
Los Angeles Pierce College,"MATH 19A - Calculus for Science, Engineering, and Mathematics (5.00)",[['MATH 261 - Calculus I (5.00)']]
,,
Los Angeles Pierce College,"MATH 19B - Calculus for Science, Engineering, and Mathematics (5.00)",[['MATH 262 - Calculus II (5.00)']]
,,
Los Angeles Pierce College,CSE 12 - Computer Systems and Assembly Language and Lab (7.00),"[['CS 130 - Introduction to Computer Architecture and Organization (3.00)'], ['CS 230 - Advanced Computer Architecture and Organization (3.00)']]"
,,
Los Angeles Pierce College,CSE 16 - APPLIED DISCRETE MATHEMATICS (5.00),[['CS 131 - Discrete Structures for Computer Science (3.00)']]
,,
Oxnard College,CSE 30 - Programming Abstractions: Python (7.00),[['No Course Articulated']]
,,
Oxnard College,CSE 13S - Computer Systems and C Programming (7.00),[['No Course Articulated']]
,,
Oxnard College,"MATH 19A - Calculus for Science, Engineering, and Mathematics (5.00)",[['MATH R120 - Calculus with Analytic Geometry I (5.00)']]
,,
Oxnard College,"MATH 19B - Calculus for Science, Engineering, and Mathematics (5.00)",[['MATH R121 - Calculus with Analytic Geometry II (5.00)']]
,,
Oxnard College,CSE 12 - Computer Systems and Assembly Language and Lab (7.00),[['No Course Articulated']]
,,
Oxnard College,CSE 16 - APPLIED DISCRETE MATHEMATICS (5.00),[['No Course Articulated']]
,,
Yuba College,CSE 30 - Programming Abstractions: Python (7.00),[['COMSC 9B - Data Structures (4.00)']]
,,
Yuba College,CSE 13S - Computer Systems and C Programming (7.00),[['No Course Articulated']]
,,
Yuba College,"MATH 19A - Calculus for Science, Engineering, and Mathematics (5.00)",[['MATH 1A - Single Variable Calculus I - Early Transcendentals (4.00)']]
,,
Yuba College,"MATH 19B - Calculus for Science, Engineering, and Mathematics (5.00)",[['MATH 1B - Single Variable Calculus II - Early Transcendentals (4.00)']]
,,
Yuba College,CSE 12 - Computer Systems and Assembly Language and Lab (7.00),[['COMSC 2 - Computer Assembly Language (3.00)']]
,,
Yuba College,CSE 16 - APPLIED DISCRETE MATHEMATICS (5.00),[['No Course Articulated']]
,,
West Los Angeles College,CSE 30 - Programming Abstractions: Python (7.00),[['CS 136 - Introduction to Data Structures (3.00)']]
,,
West Los Angeles College,CSE 13S - Computer Systems and C Programming (7.00),[['No Course Articulated']]
,,
West Los Angeles College,"MATH 19A - Calculus for Science, Engineering, and Mathematics (5.00)",[['MATH 261 - Calculus I (5.00)']]
,,
West Los Angeles College,"MATH 19B - Calculus for Science, Engineering, and Mathematics (5.00)",[['MATH 262 - Calculus II (5.00)']]
,,
West Los Angeles College,CSE 12 - Computer Systems and Assembly Language and Lab (7.00),[['No Course Articulated']]
,,
West Los Angeles College,CSE 16 - APPLIED DISCRETE MATHEMATICS (5.00),[['CS 131 - DISCRETE STRUCTURES FOR COMPUTER SCIENCE (3.00)']]
,,
Santa Barbara City College,CSE 30 - Programming Abstractions: Python (7.00),"[['CS 114 - Intermediate Python (3.00)'], ['CS 106 - Theory and Practice II (3.00)'], ['CS 137 - C Programming (3.00)']]"
,,
Santa Barbara City College,CSE 13S - Computer Systems and C Programming (7.00),[['CS 137 - C Programming (3.00)']]
,,
Santa Barbara City College,"MATH 19A - Calculus for Science, Engineering, and Mathematics (5.00)",[['MATH 150 - Calculus with Analytic Geometry I (5.00)']]
,,
Santa Barbara City College,"MATH 19B - Calculus for Science, Engineering, and Mathematics (5.00)",[['MATH 160 - Calculus with Analytic Geometry II (5.00)']]
,,
Santa Barbara City College,CSE 12 - Computer Systems and Assembly Language and Lab (7.00),[['CS 107 - Computer Architecture & Organization (3.00)']]
,,
Santa Barbara City College,CSE 16 - APPLIED DISCRETE MATHEMATICS (5.00),[['CS 108 - Discrete Structures (4.00)']]
,,
Sierra College,CSE 30 - Programming Abstractions: Python (7.00),[['CSCI 14 - Data Structures (3.00)']]
,,
Sierra College,CSE 13S - Computer Systems and C Programming (7.00),[['No Course Articulated']]
,,
Sierra College,"MATH 19A - Calculus for Science, Engineering, and Mathematics (5.00)",[['MATH 30 - Analytical Geometry and Calculus I (4.00)']]
,,
Sierra College,"MATH 19B - Calculus for Science, Engineering, and Mathematics (5.00)",[['MATH 31 - Analytical Geometry and Calculus II (4.00)']]
,,
Sierra College,CSE 12 - Computer Systems and Assembly Language and Lab (7.00),[['CSCI 39 - Introduction to Computer Architecture and Assembly Language (3.00)']]
,,
Sierra College,CSE 16 - APPLIED DISCRETE MATHEMATICS (5.00),[['MATH 15 - Discrete Mathematics (4.00)']]
,,
Solano Community College,CSE 30 - Programming Abstractions: Python (7.00),[['CIS 023 - Data Structures and Algorithms (3.00)']]
,,
Solano Community College,CSE 13S - Computer Systems and C Programming (7.00),[['No Course Articulated']]
,,
Solano Community College,"MATH 19A - Calculus for Science, Engineering, and Mathematics (5.00)",[['MATH 020 - Analytic Geometry and Calculus I (5.00)']]
,,
Solano Community College,"MATH 19B - Calculus for Science, Engineering, and Mathematics (5.00)",[['MATH 021 - Analytic Geometry and Calculus II (5.00)']]
,,
Solano Community College,CSE 12 - Computer Systems and Assembly Language and Lab (7.00),[['CIS 020 - Assembly Programming (3.00)']]
,,
Solano Community College,CSE 16 - APPLIED DISCRETE MATHEMATICS (5.00),[['CIS 021 - Discrete Structures for Computer Science (3.00)']]
,,
Ventura College,CSE 30 - Programming Abstractions: Python (7.00),[['CS V15 - Data Structures and Algorithms (3.00)']]
,,
Ventura College,CSE 12 - Computer Systems and Assembly Language and Lab (7.00),[['No Course Articulated']]
,,
Ventura College,CSE 13S - Computer Systems and C Programming (7.00),[['MATH V21A - Calculus with Analytic Geometry I (5.00)']]
,,
Ventura College,"MATH 19A - Calculus for Science, Engineering, and Mathematics (5.00)",[['MATH V21B - Calculus with Analytic Geometry II (5.00)']]
,,
Ventura College,"MATH 19B - Calculus for Science, Engineering, and Mathematics (5.00)",[['CS V19 - Computer Architecture and Organization (3.00)']]
,,
Ventura College,CSE 16 - APPLIED DISCRETE MATHEMATICS (5.00),"[['MATH V52 - Discrete Structures (3.00)'], ['CS V17 - Discrete Structures (3.00)']]"
,,
Chabot College,CSE 30 - Programming Abstractions: Python (7.00),[['CSCI 20 - Introduction to Data Structures (4.00)']]
,,
Chabot College,CSE 13S - Computer Systems and C Programming (7.00),[['CSCI 15 - Object-Oriented Programming Methods (4.00)']]
,,
Chabot College,"MATH 19A - Calculus for Science, Engineering, and Mathematics (5.00)",[['MTH 1 - Calculus I (5.00)']]
,,
Chabot College,"MATH 19B - Calculus for Science, Engineering, and Mathematics (5.00)",[['MTH 2 - Calculus II (5.00)']]
,,
Chabot College,CSE 12 - Computer Systems and Assembly Language and Lab (7.00),[['CSCI 21 - Computer Organization and Assembly Language Programming (4.00)']]
,,
Chabot College,CSE 16 - APPLIED DISCRETE MATHEMATICS (5.00),"[['MTH 8 - Discrete Mathematics (3.00)'], ['CSCI 28 - Discreet Mathematics (3.00)']]"
,,
Citrus College,CSE 30 - Programming Abstractions: Python (7.00),[['No Course Articulated']]
,,
Citrus College,CSE 13S - Computer Systems and C Programming (7.00),[['No Course Articulated']]
,,
Citrus College,"MATH 19A - Calculus for Science, Engineering, and Mathematics (5.00)",[['MATH 190 - Calculus with Analytic Geometry (5.00)']]
,,
Citrus College,"MATH 19B - Calculus for Science, Engineering, and Mathematics (5.00)",[['MATH 191 - Calculus with Analytic Geometry II (5.00)']]
,,
Citrus College,CSE 12 - Computer Systems and Assembly Language and Lab (7.00),[['CS 242 - Computer Architecture and Organization (3.00)']]
,,
Citrus College,CSE 16 - APPLIED DISCRETE MATHEMATICS (5.00),[['CS 252 - Discrete Structures (3.00)']]
,,
Cuyamaca College,CSE 30 - Programming Abstractions: Python (7.00),"[['CS 281 - Intermediate C++ Programming and Fundamental Data Structures (4.00)'], ['CS 282 - Intermediate Java Programming and Fundamental Data Structures (4.00)']]"
,,
Cuyamaca College,CSE 13S - Computer Systems and C Programming (7.00),[['No Course Articulated']]
,,
Cuyamaca College,"MATH 19A - Calculus for Science, Engineering, and Mathematics (5.00)",[['MATH 180 - Analytic Geometry and Calculus I (5.00)']]
,,
Cuyamaca College,"MATH 19B - Calculus for Science, Engineering, and Mathematics (5.00)",[['MATH 280 - Analytic Geometry and Calculus II (4.00)']]
,,
Cuyamaca College,CSE 12 - Computer Systems and Assembly Language and Lab (7.00),[['No Course Articulated']]
,,
Cuyamaca College,CSE 16 - APPLIED DISCRETE MATHEMATICS (5.00),[['MATH 245 - Discrete Mathematics (3.00)']]
,,
Mendocino College,CSE 30 - Programming Abstractions: Python (7.00),[['No Course Articulated']]
,,
Mendocino College,CSE 13S - Computer Systems and C Programming (7.00),[['No Course Articulated']]
,,
Mendocino College,"MATH 19A - Calculus for Science, Engineering, and Mathematics (5.00)",[['MTH 210 - Calculus and Analytic Geometry I (5.00)']]
,,
Mendocino College,"MATH 19B - Calculus for Science, Engineering, and Mathematics (5.00)",[['MTH 211 - Calculus and Analytic Geometry II (5.00)']]
,,
Mendocino College,CSE 12 - Computer Systems and Assembly Language and Lab (7.00),[['No Course Articulated']]
,,
Mendocino College,CSE 16 - APPLIED DISCRETE MATHEMATICS (5.00),[['No Course Articulated']]
,,
San Diego Mesa College,CSE 30 - Programming Abstractions: Python (7.00),[['No Course Articulated']]
,,
San Diego Mesa College,CSE 13S - Computer Systems and C Programming (7.00),[['CISC 192 - C/C++ Programming (4.00)']]
,,
San Diego Mesa College,"MATH 19A - Calculus for Science, Engineering, and Mathematics (5.00)",[['MATH 150 - Calculus with Analytic Geometry I (5.00)']]
,,
San Diego Mesa College,"MATH 19B - Calculus for Science, Engineering, and Mathematics (5.00)",[['MATH 151 - Calculus with Analytic Geometry II (4.00)']]
,,
San Diego Mesa College,CSE 12 - Computer Systems and Assembly Language and Lab (7.00),[['No Course Articulated']]
,,
San Diego Mesa College,CSE 16 - APPLIED DISCRETE MATHEMATICS (5.00),[['MATH 245 - Discrete Mathematics (3.00)']]
,,
College of the Siskiyous,CSE 30 - Programming Abstractions: Python (7.00),[['CSCI 1507 - Programming II (3.00)']]
,,
College of the Siskiyous,CSE 12 - Computer Systems and Assembly Language and Lab (7.00),[['No Course Articulated']]
,,
College of the Siskiyous,CSE 13S - Computer Systems and C Programming (7.00),[['MATH 1400 - Calculus and Analytic Geometry I (4.00)']]
,,
College of the Siskiyous,"MATH 19A - Calculus for Science, Engineering, and Mathematics (5.00)",[['MATH 1500 - Calculus and Analytic Geometry II (4.00)']]
,,
College of the Siskiyous,"MATH 19B - Calculus for Science, Engineering, and Mathematics (5.00)",[['CSCI 2006 - Assembly Language Programming (3.00)']]
,,
College of the Siskiyous,CSE 16 - APPLIED DISCRETE MATHEMATICS (5.00),[['No Course Articulated']]
,,
El Camino College,CSE 30 - Programming Abstractions: Python (7.00),[['COMP SCI 2 - Introduction to Data Structures (5.00)']]
,,
El Camino College,CSE 13S - Computer Systems and C Programming (7.00),[['No Course Articulated']]
,,
El Camino College,"MATH 19A - Calculus for Science, Engineering, and Mathematics (5.00)",[['MATH 190 - Single Variable Calculus and Analytic Geometry I (5.00)']]
,,
El Camino College,"MATH 19B - Calculus for Science, Engineering, and Mathematics (5.00)",[['MATH 191 - Single Variable Calculus and Analytic Geometry II (5.00)']]
,,
El Camino College,CSE 12 - Computer Systems and Assembly Language and Lab (7.00),[['COMP SCI 16 - Assembly Language Programming for thex86 (IBM PC) Processors (4.00)']]
,,
El Camino College,CSE 16 - APPLIED DISCRETE MATHEMATICS (5.00),[['MATH 210 - Introduction to Discrete Structures (5.00)']]
,,
Cerritos College,CSE 30 - Programming Abstractions: Python (7.00),[['CIS 292 - Data Structures (3.00)']]
,,
Cerritos College,CSE 13S - Computer Systems and C Programming (7.00),[['CIS 180 - Programming in C/C++ (3.50)']]
,,
Cerritos College,"MATH 19A - Calculus for Science, Engineering, and Mathematics (5.00)",[['MATH 170 - Analytic Geometry and Calculus I (4.00)']]
,,
Cerritos College,"MATH 19B - Calculus for Science, Engineering, and Mathematics (5.00)",[['MATH 190 - Analytic Geometry and Calculus II (4.00)']]
,,
Cerritos College,CSE 12 - Computer Systems and Assembly Language and Lab (7.00),[['CIS 231 - Computer Organization and Assembly Language Programming (3.50)']]
,,
Cerritos College,CSE 16 - APPLIED DISCRETE MATHEMATICS (5.00),[['CIS 185 - Discrete Structures (3.00)']]
,,
Coastline Community College,CSE 30 - Programming Abstractions: Python (7.00),[['ICS C123 - Fundamental Data Structures (3.00)']]
,,
Coastline Community College,CSE 13S - Computer Systems and C Programming (7.00),[['No Course Articulated']]
,,
Coastline Community College,"MATH 19A - Calculus for Science, Engineering, and Mathematics (5.00)",[['MATH C180 - Calculus 1 (5.00)']]
,,
Coastline Community College,"MATH 19B - Calculus for Science, Engineering, and Mathematics (5.00)",[['MATH C185 - Calculus 2 (5.00)']]
,,
Coastline Community College,CSE 12 - Computer Systems and Assembly Language and Lab (7.00),[['No Course Articulated']]
,,
Coastline Community College,CSE 16 - APPLIED DISCRETE MATHEMATICS (5.00),[['No Course Articulated']]
,,
Grossmont College,CSE 30 - Programming Abstractions: Python (7.00),[['CSIS 294 - Intermediate Java Programming and Fundamental Data Structures (4.00)']]
,,
Grossmont College,CSE 13S - Computer Systems and C Programming (7.00),[['No Course Articulated']]
,,
Grossmont College,"MATH 19A - Calculus for Science, Engineering, and Mathematics (5.00)",[['MATH 180 - Analytic Geometry and Calculus I (5.00)']]
,,
Grossmont College,"MATH 19B - Calculus for Science, Engineering, and Mathematics (5.00)",[['MATH 280 - Analytic Geometry and Calculus II (4.00)']]
,,
Grossmont College,CSE 12 - Computer Systems and Assembly Language and Lab (7.00),[['CSIS 165 - Assembly Language and Machine Architecture (4.00)']]
,,
Grossmont College,CSE 16 - APPLIED DISCRETE MATHEMATICS (5.00),"[['MATH 245 - Discrete Math (3.00)'], ['CSIS 240 - Discrete Structures (3.00)']]"
,,
Imperial Valley College,CSE 30 - Programming Abstractions: Python (7.00),[['No Course Articulated']]
,,
Imperial Valley College,CSE 13S - Computer Systems and C Programming (7.00),[['No Course Articulated']]
,,
Imperial Valley College,"MATH 19A - Calculus for Science, Engineering, and Mathematics (5.00)",[['MATH 192 - Analytic Geometry and Calculus I (4.00)']]
,,
Imperial Valley College,"MATH 19B - Calculus for Science, Engineering, and Mathematics (5.00)",[['MATH 194 - Analytic Geometry and Calculus II (4.00)']]
,,
Imperial Valley College,CSE 12 - Computer Systems and Assembly Language and Lab (7.00),[['No Course Articulated']]
,,
Imperial Valley College,CSE 16 - APPLIED DISCRETE MATHEMATICS (5.00),[['MATH 240 - Discrete Mathematics (3.00)']]
,,
MiraCosta College,CSE 30 - Programming Abstractions: Python (7.00),[['CS 113 - Basic Data Structures and Algorithms (3.00)']]
,,
MiraCosta College,CSE 13S - Computer Systems and C Programming (7.00),[['CS 151 - Advanced C++ Programming (3.00)']]
,,
MiraCosta College,"MATH 19A - Calculus for Science, Engineering, and Mathematics (5.00)","[['MATH 150 - Calculus and Analytic Geometry I (5.00)'], ['MATH 150H - Calculus and Analytic Geometry I (Honors) (5.00)']]"
,,
MiraCosta College,"MATH 19B - Calculus for Science, Engineering, and Mathematics (5.00)","[['MATH 155 - Calculus and Analytic Geometry II (4.00)'], ['MATH 155H - Calculus and Analytical Geometry II (Honors) (4.00)']]"
,,
MiraCosta College,CSE 12 - Computer Systems and Assembly Language and Lab (7.00),[['CS 220 - Computer Architecture and Assembly Language (3.00)']]
,,
MiraCosta College,CSE 16 - APPLIED DISCRETE MATHEMATICS (5.00),"[['CS 226 - Discrete Structures (4.00)'], ['MATH 226 - Discrete Mathematics (4.00)']]"
,,
San Joaquin Delta College,CSE 30 - Programming Abstractions: Python (7.00),[['CSP 26B - Data Structures with Java (3.00)']]
,,
San Joaquin Delta College,CSE 13S - Computer Systems and C Programming (7.00),"[['CSP 31A - C++ Programming I (3.00)', 'CSP 31B - C++ Programming II (3.00)']]"
,,
San Joaquin Delta College,"MATH 19A - Calculus for Science, Engineering, and Mathematics (5.00)",[['MATH 1 - Calculus I (5.00)']]
,,
San Joaquin Delta College,"MATH 19B - Calculus for Science, Engineering, and Mathematics (5.00)",[['MATH 2 - Calculus II (4.00)']]
,,
San Joaquin Delta College,CSE 12 - Computer Systems and Assembly Language and Lab (7.00),[['CSP 25 - Assembly Language Programming (3.00)']]
,,
San Joaquin Delta College,CSE 16 - APPLIED DISCRETE MATHEMATICS (5.00),[['CS 55 - Discrete Structures for Computer Science (3.00)']]
,,
Allan Hancock College,CSE 30 - Programming Abstractions: Python (7.00),[['CS 112 - Fundamentals of Programming 2 (4.00)']]
,,
Allan Hancock College,CSE 13S - Computer Systems and C Programming (7.00),[['No Course Articulated']]
,,
Allan Hancock College,"MATH 19A - Calculus for Science, Engineering, and Mathematics (5.00)",[['MATH 181 - Calculus 1 (4.00)']]
,,
Allan Hancock College,"MATH 19B - Calculus for Science, Engineering, and Mathematics (5.00)","[['MATH 181 - Calculus 1 (4.00)', 'MATH 182 - Calculus 2 (4.00)']]"
,,
Allan Hancock College,CSE 12 - Computer Systems and Assembly Language and Lab (7.00),[['No Course Articulated']]
,,
Allan Hancock College,CSE 16 - APPLIED DISCRETE MATHEMATICS (5.00),[['CS 161 - Discrete Structures (3.00)']]
,,
College of Alameda,CSE 30 - Programming Abstractions: Python (7.00),[['No Course Articulated']]
,,
College of Alameda,CSE 13S - Computer Systems and C Programming (7.00),[['No Course Articulated']]
,,
College of Alameda,"MATH 19A - Calculus for Science, Engineering, and Mathematics (5.00)",[['MATH 3A - Calculus I (5.00)']]
,,
College of Alameda,"MATH 19B - Calculus for Science, Engineering, and Mathematics (5.00)",[['MATH 3B - Calculus II (5.00)']]
,,
College of Alameda,CSE 12 - Computer Systems and Assembly Language and Lab (7.00),[['No Course Articulated']]
,,
College of Alameda,CSE 16 - APPLIED DISCRETE MATHEMATICS (5.00),[['MATH 11 - Discrete Mathematics (4.00)']]
,,
Copper Mountain College,CSE 30 - Programming Abstractions: Python (7.00),[['No Course Articulated']]
,,
Copper Mountain College,CSE 13S - Computer Systems and C Programming (7.00),[['No Course Articulated']]
,,
Copper Mountain College,"MATH 19A - Calculus for Science, Engineering, and Mathematics (5.00)",[['MATH 001A - Calculus (4.00)']]
,,
Copper Mountain College,"MATH 19B - Calculus for Science, Engineering, and Mathematics (5.00)",[['MATH 001B - Calculus (4.00)']]
,,
Copper Mountain College,CSE 12 - Computer Systems and Assembly Language and Lab (7.00),[['CS 087 - Assembler Language Programming (3.00)']]
,,
Copper Mountain College,CSE 16 - APPLIED DISCRETE MATHEMATICS (5.00),[['MATH 004 - Discrete Structures (3.00)']]
,,
De Anza College,CSE 30 - Programming Abstractions: Python (7.00),"[['CIS 22C - Data Abstraction and Structures (4.50)'], ['CIS 22CH - Data Abstraction and Structures - HONORS (4.50)']]"
,,
De Anza College,CSE 13S - Computer Systems and C Programming (7.00),"[['CIS 22B - Intermediate Programming Methodologies in C++ (4.50)'], ['CIS 22BH - Intermediate Programming Methodologies in C++ - HONORS (4.50)'], ['CIS 26A - C as a Second Programming Language (4.50)']]"
,,
De Anza College,"MATH 19A - Calculus for Science, Engineering, and Mathematics (5.00)","[['MATH 1A - Calculus (5.00)'], ['MATH 1AH - Calculus - HONORS (5.00)']]"
,,
De Anza College,"MATH 19B - Calculus for Science, Engineering, and Mathematics (5.00)","[['MATH 1B - Calculus (5.00)'], ['MATH 1C - Calculus (5.00)'], ['MATH 1BH - Calculus - HONORS (5.00)', 'MATH 1CH - Calculus - HONORS (5.00)']]"
,,
De Anza College,CSE 12 - Computer Systems and Assembly Language and Lab (7.00),"[['CIS 21JA - Introduction to x86 Processor Assembly Language and Computer Architecture (4.50)'], ['CIS 21JB - Advanced x86 Processor Assembly Programming (4.50)']]"
,,
De Anza College,CSE 16 - APPLIED DISCRETE MATHEMATICS (5.00),"[['MATH 22 - Discrete Mathematics (5.00)'], ['MATH 22H - Discrete Mathematics - HONORS (5.00)']]"
,,
Diablo Valley College,CSE 30 - Programming Abstractions: Python (7.00),[['COMSC 210 - Program Design and Data Structures (4.00)']]
,,
Diablo Valley College,CSE 13S - Computer Systems and C Programming (7.00),"[['COMSC 165 - Advanced Programming with C and C++ (4.00)'], ['COMSC 200 - Object Oriented Programming C++ (4.00)']]"
,,
Diablo Valley College,"MATH 19A - Calculus for Science, Engineering, and Mathematics (5.00)",[['MATH 192 - Analytic Geometry and Calculus I (5.00)']]
,,
Diablo Valley College,"MATH 19B - Calculus for Science, Engineering, and Mathematics (5.00)",[['MATH 193 - Analytic Geometry and Calculus II (5.00)']]
,,
Diablo Valley College,CSE 12 - Computer Systems and Assembly Language and Lab (7.00),[['COMSC 260 - Assembly Language Programming/Computer Organization (4.00)']]
,,
Diablo Valley College,CSE 16 - APPLIED DISCRETE MATHEMATICS (5.00),[['MATH 195 - Discrete Mathematics (4.00)']]
,,
East Los Angeles College,CSE 30 - Programming Abstractions: Python (7.00),[['MATH 273 - Introduction to Data Structures and Algorithms (4.00)']]
,,
East Los Angeles College,CSE 13S - Computer Systems and C Programming (7.00),[['No Course Articulated']]
,,
East Los Angeles College,"MATH 19A - Calculus for Science, Engineering, and Mathematics (5.00)",[['MATH 261 - Calculus I (5.00)']]
,,
East Los Angeles College,"MATH 19B - Calculus for Science, Engineering, and Mathematics (5.00)",[['MATH 262 - Calculus II (5.00)']]
,,
East Los Angeles College,CSE 12 - Computer Systems and Assembly Language and Lab (7.00),[['No Course Articulated']]
,,
East Los Angeles College,CSE 16 - APPLIED DISCRETE MATHEMATICS (5.00),[['MATH 272 - Methods of Discrete Mathematics (5.00)']]
,,
Taft College,CSE 30 - Programming Abstractions: Python (7.00),[['No Course Articulated']]
,,
Taft College,CSE 13S - Computer Systems and C Programming (7.00),[['No Course Articulated']]
,,
Taft College,"MATH 19A - Calculus for Science, Engineering, and Mathematics (5.00)",[['MATH 2100 - Analytic Geometry and Calculus I (5.00)']]
,,
Taft College,"MATH 19B - Calculus for Science, Engineering, and Mathematics (5.00)",[['MATH 2120 - Analytic Geometry and Calculus II (4.00)']]
,,
Taft College,CSE 12 - Computer Systems and Assembly Language and Lab (7.00),[['No Course Articulated']]
,,
Taft College,CSE 16 - APPLIED DISCRETE MATHEMATICS (5.00),[['No Course Articulated']]
,,
Antelope Valley College,CSE 30 - Programming Abstractions: Python (7.00),[['CIS 113 - Data Structures (3.00)']]
,,
Antelope Valley College,CSE 13S - Computer Systems and C Programming (7.00),"[['CIS 161 - Introduction to C Programming (3.00)'], ['CIS 173 - Introduction to C++ Programming (3.00)']]"
,,
Antelope Valley College,"MATH 19A - Calculus for Science, Engineering, and Mathematics (5.00)",[['MATH 150 - Calculus and Analytic Geometry (5.00)']]
,,
Antelope Valley College,"MATH 19B - Calculus for Science, Engineering, and Mathematics (5.00)",[['MATH 160 - Calculus and Analytic Geometry (4.00)']]
,,
Antelope Valley College,CSE 12 - Computer Systems and Assembly Language and Lab (7.00),[['CIS 123 - Assembly Language and Computer Architecture (3.00)']]
,,
Antelope Valley College,CSE 16 - APPLIED DISCRETE MATHEMATICS (5.00),[['CIS 121 - Computer Mathematics (3.00)']]
,,
Feather River College,CSE 30 - Programming Abstractions: Python (7.00),[['No Course Articulated']]
,,
Feather River College,CSE 13S - Computer Systems and C Programming (7.00),[['No Course Articulated']]
,,
Feather River College,"MATH 19A - Calculus for Science, Engineering, and Mathematics (5.00)",[['MATH 218 - Single Variable Calculus I - Late Transcendentals (4.00)']]
,,
Feather River College,"MATH 19B - Calculus for Science, Engineering, and Mathematics (5.00)",[['MATH 220 - Single Variable Calculus II - Late Transcendentals (4.00)']]
,,
Feather River College,CSE 12 - Computer Systems and Assembly Language and Lab (7.00),[['No Course Articulated']]
,,
Feather River College,CSE 16 - APPLIED DISCRETE MATHEMATICS (5.00),[['No Course Articulated']]
,,
Hartnell College,CSE 30 - Programming Abstractions: Python (7.00),"[['CSS 2B - Data Structures and Algorithims (4.00)', 'CSS 4 - Programming for Scientists and Engineers (4.00)']]"
,,
Hartnell College,CSE 13S - Computer Systems and C Programming (7.00),"[['CSS 2A - Object Oriented Programming (4.00)', 'EGN 7L - Computer Interface with the Physical World Laboratory (1.00)']]"
,,
Hartnell College,"MATH 19A - Calculus for Science, Engineering, and Mathematics (5.00)",[['MAT 3A - Analytic Geometry and Calculus I (4.00)']]
,,
Hartnell College,"MATH 19B - Calculus for Science, Engineering, and Mathematics (5.00)",[['MAT 3B - Analytic Geometry and Calculus II (4.00)']]
,,
Hartnell College,CSE 12 - Computer Systems and Assembly Language and Lab (7.00),[['CSS 3 - Computer Architecture and Assembly Language Programming (4.00)']]
,,
Hartnell College,CSE 16 - APPLIED DISCRETE MATHEMATICS (5.00),[['CSS 7 - Discrete Structures (4.00)']]
,,
Irvine Valley College,CSE 30 - Programming Abstractions: Python (7.00),[['CS 41 - Data Structures (3.00)']]
,,
Irvine Valley College,CSE 13S - Computer Systems and C Programming (7.00),[['CS 37 - C++ Programming (3.00)']]
,,
Irvine Valley College,"MATH 19A - Calculus for Science, Engineering, and Mathematics (5.00)","[['MATH 3A - Analytic Geometry and Calculus I (5.00)'], ['MATH 3AH - Analytic Geometry and Calculus I Honors (5.00)']]"
,,
Irvine Valley College,"MATH 19B - Calculus for Science, Engineering, and Mathematics (5.00)","[['MATH 3B - Analytic Geometry and Calculus II (5.00)'], ['MATH 3BH - Analytic Geometry and Calculus II Honors (5.00)']]"
,,
Irvine Valley College,CSE 12 - Computer Systems and Assembly Language and Lab (7.00),"[['CS 40A - Computer Organization and Assembly Language I (3.00)', 'CS 40B - Computer Organization and Assembly Language II (3.00)']]"
,,
Irvine Valley College,CSE 16 - APPLIED DISCRETE MATHEMATICS (5.00),"[['CS 6A - Computer Discrete Mathematics I (3.00)'], ['CS 6B - Computer Discrete Mathematics II (3.00)'], ['MATH 30 - Computer Discrete Mathematics I (3.00)', 'MATH 31 - Computer Discrete Mathematics II (3.00)']]"
,,
Porterville College,CSE 30 - Programming Abstractions: Python (7.00),[['No Course Articulated']]
,,
Porterville College,CSE 13S - Computer Systems and C Programming (7.00),[['No Course Articulated']]
,,
Porterville College,"MATH 19A - Calculus for Science, Engineering, and Mathematics (5.00)","[['MATH P103 - Calculus I with Analytic Geometry (4.00)', 'MATH P104 - Calculus II with Analytical Geometry (4.00)']]"
,,
Porterville College,"MATH 19B - Calculus for Science, Engineering, and Mathematics (5.00)","[['MATH P103 - Calculus I with Analytic Geometry (4.00)', 'MATH P104 - Calculus II with Analytical Geometry (4.00)']]"
,,
Porterville College,CSE 12 - Computer Systems and Assembly Language and Lab (7.00),[['No Course Articulated']]
,,
Porterville College,CSE 16 - APPLIED DISCRETE MATHEMATICS (5.00),[['No Course Articulated']]
,,
Sacramento City College,CSE 30 - Programming Abstractions: Python (7.00),[['CISP 430 - Data Structures (4.00)']]
,,
Sacramento City College,CSE 13S - Computer Systems and C Programming (7.00),[['CISP 400 - Object Oriented Programming with C++ (4.00)']]
,,
Sacramento City College,"MATH 19A - Calculus for Science, Engineering, and Mathematics (5.00)",[['MATH 400 - Calculus I (5.00)']]
,,
Sacramento City College,"MATH 19B - Calculus for Science, Engineering, and Mathematics (5.00)",[['MATH 401 - Calculus II (5.00)']]
,,
Sacramento City College,CSE 12 - Computer Systems and Assembly Language and Lab (7.00),[['CISP 310 - Assembly Language Programming for Microcomputers (4.00)']]
,,
Sacramento City College,CSE 16 - APPLIED DISCRETE MATHEMATICS (5.00),[['CISP 440 - Discrete Structures for Computer Science (3.00)']]
,,
Skyline College,CSE 30 - Programming Abstractions: Python (7.00),"[['COMP 252 - Data Structures: C++ (3.00)'], ['COMP 286 - Data Structures: Java (3.00)']]"
,,
Skyline College,CSE 13S - Computer Systems and C Programming (7.00),[['COMP 250 - Intro to Object-Oriented Programming: C++ (3.00)']]
,,
Skyline College,"MATH 19A - Calculus for Science, Engineering, and Mathematics (5.00)",[['MATH 251 - Calculus with Analytic Geometry I (5.00)']]
,,
Skyline College,"MATH 19B - Calculus for Science, Engineering, and Mathematics (5.00)",[['MATH 252 - Calculus with Analytic Geometry II (5.00)']]
,,
Skyline College,CSE 12 - Computer Systems and Assembly Language and Lab (7.00),[['COMP 256 - Computer Architecture and Assembly Language (3.00)']]
,,
Skyline College,CSE 16 - APPLIED DISCRETE MATHEMATICS (5.00),"[['COMP 262 - Discrete Mathematics for Computer Science (3.00)'], ['COMP 262 - Discrete Mathematics for Computer Science (3.00)']]"
,,
Los Angeles Southwest College,CSE 30 - Programming Abstractions: Python (7.00),[['CS 136 - Introduction to Data Structures (3.00)']]
,,
Los Angeles Southwest College,CSE 13S - Computer Systems and C Programming (7.00),[['No Course Articulated']]
,,
Los Angeles Southwest College,"MATH 19A - Calculus for Science, Engineering, and Mathematics (5.00)",[['MATH 265 - Calculus with Analytic Geometry I (5.00)']]
,,
Los Angeles Southwest College,"MATH 19B - Calculus for Science, Engineering, and Mathematics (5.00)",[['MATH 266 - Calculus with Analytic Geometry II (5.00)']]
,,
Los Angeles Southwest College,CSE 12 - Computer Systems and Assembly Language and Lab (7.00),[['No Course Articulated']]
,,
Los Angeles Southwest College,CSE 16 - APPLIED DISCRETE MATHEMATICS (5.00),[['No Course Articulated']]
,,
San Bernardino Valley College,CSE 30 - Programming Abstractions: Python (7.00),[['CS 265 - Data Structures and Algorithms with C++ (3.00)']]
,,
San Bernardino Valley College,CSE 13S - Computer Systems and C Programming (7.00),[['No Course Articulated']]
,,
San Bernardino Valley College,"MATH 19A - Calculus for Science, Engineering, and Mathematics (5.00)",[['MATH 250 - Single Variable Calculus I (4.00)']]
,,
San Bernardino Valley College,"MATH 19B - Calculus for Science, Engineering, and Mathematics (5.00)",[['MATH 251 - Single Variable Calculus II (4.00)']]
,,
San Bernardino Valley College,CSE 12 - Computer Systems and Assembly Language and Lab (7.00),[['CS 170 - Assembly Language (4.00)']]
,,
San Bernardino Valley College,CSE 16 - APPLIED DISCRETE MATHEMATICS (5.00),[['CS 130 - Discrete Structures (3.00)']]
,,
Monterey Peninsula College,CSE 30 - Programming Abstractions: Python (7.00),[['CSIS 10B - Programming Methods II: JAVA (4.00)']]
,,
Monterey Peninsula College,CSE 13S - Computer Systems and C Programming (7.00),[['CSIS 10C - Programming Methods 1.5 - C and C++ Programming (4.00)']]
,,
Monterey Peninsula College,"MATH 19A - Calculus for Science, Engineering, and Mathematics (5.00)",[['MATH 20A - Calculus with Analytic Geometry I (4.00)']]
,,
Monterey Peninsula College,"MATH 19B - Calculus for Science, Engineering, and Mathematics (5.00)","[['MATH 20B - Calculus with Analytic Geometry II (4.00)'], [' (4.00)']]"
,,
Monterey Peninsula College,CSE 12 - Computer Systems and Assembly Language and Lab (7.00),[['CSIS 11 - Computer Architectures and Organization (3.00)']]
,,
Monterey Peninsula College,CSE 16 - APPLIED DISCRETE MATHEMATICS (5.00),"[['CSIS 12 - Discrete Structures (3.00)'], ['MATH 40 - Discrete Mathematics (3.00)']]"
,,
Fullerton College,CSE 30 - Programming Abstractions: Python (7.00),[['CSCI 133 F - Data Structures in C++ (4.00)']]
,,
Fullerton College,CSE 13S - Computer Systems and C Programming (7.00),"[['CIS 223 F - Programming in C++ (3.00)'], ['CSCI 123 F - Introduction to Programming Concepts in C++ (4.00)'], ['CSCI 223 F - ""C"" Language for Mathematics and Science (4.00)']]"
,,
Fullerton College,"MATH 19A - Calculus for Science, Engineering, and Mathematics (5.00)",[['MATH 151 F - Calculus I (4.00)']]
,,
Fullerton College,"MATH 19B - Calculus for Science, Engineering, and Mathematics (5.00)",[['MATH 152 F - Calculus II (4.00)']]
,,
Fullerton College,CSE 12 - Computer Systems and Assembly Language and Lab (7.00),[['CSCI 241 F - Computer Organization and Assembly Language Programming (4.00)']]
,,
Fullerton College,CSE 16 - APPLIED DISCRETE MATHEMATICS (5.00),[['MATH 171 F - Discrete Mathematics (4.00)']]
,,
Long Beach City College,CSE 30 - Programming Abstractions: Python (7.00),[['CS 22 - Data Structures and Algorithms (3.00)']]
,,
Long Beach City College,CSE 13S - Computer Systems and C Programming (7.00),[['No Course Articulated']]
,,
Long Beach City College,"MATH 19A - Calculus for Science, Engineering, and Mathematics (5.00)",[['MATH 60 - First Calculus Course (5.00)']]
,,
Long Beach City College,"MATH 19B - Calculus for Science, Engineering, and Mathematics (5.00)","[['MATH 60 - First Calculus Course (5.00)', 'MATH 70 - Second Calculus Course (5.00)']]"
,,
Long Beach City College,CSE 12 - Computer Systems and Assembly Language and Lab (7.00),[['No Course Articulated']]
,,
Long Beach City College,CSE 16 - APPLIED DISCRETE MATHEMATICS (5.00),[['MATH 55 - Discrete Mathematics (4.00)']]
,,
San Jose City College,CSE 30 - Programming Abstractions: Python (7.00),[['CIS 055 - Data Structures: Programming (3.00)']]
,,
San Jose City College,CSE 13S - Computer Systems and C Programming (7.00),[['CIS 054 - C/C++ Programming (3.00)']]
,,
San Jose City College,"MATH 19A - Calculus for Science, Engineering, and Mathematics (5.00)",[['MATH 071 - Calculus I with Analytic Geometry (5.00)']]
,,
San Jose City College,"MATH 19B - Calculus for Science, Engineering, and Mathematics (5.00)",[['MATH 072 - Calculus II with Analytic Geometry (5.00)']]
,,
San Jose City College,CSE 12 - Computer Systems and Assembly Language and Lab (7.00),[['No Course Articulated']]
,,
San Jose City College,CSE 16 - APPLIED DISCRETE MATHEMATICS (5.00),[['MATH 070 - Discrete Mathematics (4.00)']]
,,
Santa Monica College,CSE 30 - Programming Abstractions: Python (7.00),"[['CS 20A - Data Structures with C++ (3.00)'], ['CS 20B - Data Structures with JAVA (3.00)', 'CS 50 - C Programming (3.00)']]"
,,
Santa Monica College,CSE 13S - Computer Systems and C Programming (7.00),[['CS 52 - C++ Programming (3.00)']]
,,
Santa Monica College,"MATH 19A - Calculus for Science, Engineering, and Mathematics (5.00)","[['MATH 7 - Calculus 1 (5.00)'], ['MATH 8 - Calculus 2 (5.00)']]"
,,
Santa Monica College,"MATH 19B - Calculus for Science, Engineering, and Mathematics (5.00)","[['MATH 7 - Calculus 1 (5.00)', 'MATH 8 - Calculus 2 (5.00)']]"
,,
Santa Monica College,CSE 12 - Computer Systems and Assembly Language and Lab (7.00),"[['CS 18 - Advanced Assembly Language Programming (3.00)'], ['CS 17 - Assembly Language Programming (3.00)', 'CS 42 - Digital Logic (3.00)']]"
,,
Santa Monica College,CSE 16 - APPLIED DISCRETE MATHEMATICS (5.00),[['MATH 10 - Discrete Structures (3.00)']]
,,
Southwestern College,CSE 30 - Programming Abstractions: Python (7.00),[['MATH 140 - Data Structures and Algorithms (4.00)']]
,,
Southwestern College,CSE 13S - Computer Systems and C Programming (7.00),[['No Course Articulated']]
,,
Southwestern College,"MATH 19A - Calculus for Science, Engineering, and Mathematics (5.00)",[['MATH 250 - Analytic Geometry and Calculus I (5.00)']]
,,
Southwestern College,"MATH 19B - Calculus for Science, Engineering, and Mathematics (5.00)",[['MATH 251 - Analytic Geometry and Calculus II (4.00)']]
,,
Southwestern College,CSE 12 - Computer Systems and Assembly Language and Lab (7.00),[['MATH 230 - Computer Organization and Architecture (4.00)']]
,,
Southwestern College,CSE 16 - APPLIED DISCRETE MATHEMATICS (5.00),"[['MATH 260 - Discrete Mathematics (3.00)'], ['MATH 265 - Discrete Structures (3.00)']]"
,,
Moorpark College,CSE 30 - Programming Abstractions: Python (7.00),[['No Course Articulated']]
,,
Moorpark College,CSE 13S - Computer Systems and C Programming (7.00),[['CS M125 - Programming Concepts and Methodology I (3.00)']]
,,
Moorpark College,"MATH 19A - Calculus for Science, Engineering, and Mathematics (5.00)","[['MATH M25A - Calculus with Analytic Geometry I (5.00)'], ['MATH M25AH - Honors: Calculus with Analytic Geometry I (5.00)']]"
,,
Moorpark College,"MATH 19B - Calculus for Science, Engineering, and Mathematics (5.00)","[['MATH M25B - Calculus with Analytic Geometry II (5.00)'], ['MATH M25BH - Honors: Calculus with Analytic Geometry II (5.00)']]"
,,
Moorpark College,CSE 12 - Computer Systems and Assembly Language and Lab (7.00),[['CS M145 - Computer Architecture and Organization (3.00)']]
,,
Moorpark College,CSE 16 - APPLIED DISCRETE MATHEMATICS (5.00),[['CS M155 - Discrete Structures (3.00)']]
,,
College of the Canyons,CSE 30 - Programming Abstractions: Python (7.00),"[['CMPSCI 182 - Data Structures and Program Design (3.00)', 'CMPSCI 182L - Data Structures & Program Design Lab (1.00)']]"
,,
College of the Canyons,CSE 13S - Computer Systems and C Programming (7.00),[['No Course Articulated']]
,,
College of the Canyons,"MATH 19A - Calculus for Science, Engineering, and Mathematics (5.00)",[['MATH 211 - Calculus I (5.00)']]
,,
College of the Canyons,"MATH 19B - Calculus for Science, Engineering, and Mathematics (5.00)",[['MATH 212 - Calculus II (5.00)']]
,,
College of the Canyons,CSE 12 - Computer Systems and Assembly Language and Lab (7.00),[['No Course Articulated']]
,,
College of the Canyons,CSE 16 - APPLIED DISCRETE MATHEMATICS (5.00),[['CMPSCI 256 - Discrete Structures (3.00)']]
,,
Cosumnes River College,CSE 30 - Programming Abstractions: Python (7.00),[['CISP 430 - Data Structures (4.00)']]
,,
Cosumnes River College,CSE 13S - Computer Systems and C Programming (7.00),[['CISP 400 - Object Oriented Programming with C++ (4.00)']]
,,
Cosumnes River College,"MATH 19A - Calculus for Science, Engineering, and Mathematics (5.00)",[['MATH 400 - Calculus I (5.00)']]
,,
Cosumnes River College,"MATH 19B - Calculus for Science, Engineering, and Mathematics (5.00)",[['MATH 401 - Calculus II (5.00)']]
,,
Cosumnes River College,CSE 12 - Computer Systems and Assembly Language and Lab (7.00),[['CISP 310 - Assembly Language Programming on Microcomputers (4.00)']]
,,
Cosumnes River College,CSE 16 - APPLIED DISCRETE MATHEMATICS (5.00),[['CISP 440 - Discrete Structures for Computer Science (3.00)']]
,,
Folsom Lake College,CSE 30 - Programming Abstractions: Python (7.00),[['CISP 430 - Data Structures (4.00)']]
,,
Folsom Lake College,CSE 13S - Computer Systems and C Programming (7.00),[['CISP 400 - Object Oriented Programming with C++ (4.00)']]
,,
Folsom Lake College,"MATH 19A - Calculus for Science, Engineering, and Mathematics (5.00)",[['MATH 400 - Calculus I (5.00)']]
,,
Folsom Lake College,"MATH 19B - Calculus for Science, Engineering, and Mathematics (5.00)",[['MATH 401 - Calculus II (5.00)']]
,,
Folsom Lake College,CSE 12 - Computer Systems and Assembly Language and Lab (7.00),[['CISP 310 - Assembly Language Programming for Microcomputers (4.00)']]
,,
Folsom Lake College,CSE 16 - APPLIED DISCRETE MATHEMATICS (5.00),[['CISP 440 - Discrete Structures for Computer Science (3.00)']]
,,
West Hills College Lemoore,CSE 30 - Programming Abstractions: Python (7.00),[['No Course Articulated']]
,,
West Hills College Lemoore,CSE 13S - Computer Systems and C Programming (7.00),[['ENGR 015 - Engineering Computations (3.00)']]
,,
West Hills College Lemoore,"MATH 19A - Calculus for Science, Engineering, and Mathematics (5.00)",[['MATH 001A - Introduction to Calculus (5.00)']]
,,
West Hills College Lemoore,"MATH 19B - Calculus for Science, Engineering, and Mathematics (5.00)",[['MATH 001B - Calculus with Applications (5.00)']]
,,
West Hills College Lemoore,CSE 12 - Computer Systems and Assembly Language and Lab (7.00),[['No Course Articulated']]
,,
West Hills College Lemoore,CSE 16 - APPLIED DISCRETE MATHEMATICS (5.00),[['No Course Articulated']]
,,
Woodland Community College,CSE 30 - Programming Abstractions: Python (7.00),[['No Course Articulated']]
,,
Woodland Community College,CSE 13S - Computer Systems and C Programming (7.00),[['No Course Articulated']]
,,
Woodland Community College,"MATH 19A - Calculus for Science, Engineering, and Mathematics (5.00)",[['MATH 1A - Single Variable Calculus I - Early Transcendentals (5.00)']]
,,
Woodland Community College,"MATH 19B - Calculus for Science, Engineering, and Mathematics (5.00)",[['MATH 1B - Single Variable Calculus II - Early Transcendentals (4.00)']]
,,
Woodland Community College,CSE 12 - Computer Systems and Assembly Language and Lab (7.00),[['No Course Articulated']]
,,
Woodland Community College,CSE 16 - APPLIED DISCRETE MATHEMATICS (5.00),[['No Course Articulated']]
,,
Norco College,CSE 30 - Programming Abstractions: Python (7.00),"[['CIS 17A - Programming Concepts and Methodology II: C++ (3.00)'], ['CSC 17A - Programming Concepts and Methodology II: C++ (3.00)'], ['CIS 17C - C++ Programming: Data Structures (3.00)'], ['CIS 18C - Java Programming: Data Structures (3.00)']]"
,,
Norco College,CSE 13S - Computer Systems and C Programming (7.00),[['No Course Articulated']]
,,
Norco College,"MATH 19A - Calculus for Science, Engineering, and Mathematics (5.00)",[['MAT 1A - Calculus I (4.00)']]
,,
Norco College,"MATH 19B - Calculus for Science, Engineering, and Mathematics (5.00)",[['MAT 1B - Calculus II (4.00)']]
,,
Norco College,CSE 12 - Computer Systems and Assembly Language and Lab (7.00),"[['CIS 11 - Computer Architecture and Organization: Assembly (3.00)'], ['CSC 11 - Computer Architecture and Organization: Assembly (3.00)']]"
,,
Norco College,CSE 16 - APPLIED DISCRETE MATHEMATICS (5.00),"[['CIS 7 - Discrete Structures (3.00)'], ['CSC 7 - Discrete Structures (3.00)']]"
,,
Moreno Valley College,CSE 30 - Programming Abstractions: Python (7.00),"[['CIS 17A - Programming Concepts and Methodologies II: C++ (3.00)'], ['CIS 17C - C++ Programming: Data Structures (3.00)'], ['CIS 18C - Java Programming: Data Structures (3.00)']]"
,,
Moreno Valley College,CSE 13S - Computer Systems and C Programming (7.00),[['No Course Articulated']]
,,
Moreno Valley College,"MATH 19A - Calculus for Science, Engineering, and Mathematics (5.00)",[['MAT 1A - Calculus I (4.00)']]
,,
Moreno Valley College,"MATH 19B - Calculus for Science, Engineering, and Mathematics (5.00)",[['MAT 1B - Calculus II (4.00)']]
,,
Moreno Valley College,CSE 12 - Computer Systems and Assembly Language and Lab (7.00),[['No Course Articulated']]
,,
Moreno Valley College,CSE 16 - APPLIED DISCRETE MATHEMATICS (5.00),[['CIS 7 - Discrete Structures (3.00)']]
,,
Clovis Community College,CSE 30 - Programming Abstractions: Python (7.00),[['CSCI 41 - Programming Concepts and Methodology II (4.00)']]
,,
Clovis Community College,CSE 13S - Computer Systems and C Programming (7.00),[['No Course Articulated']]
,,
Clovis Community College,"MATH 19A - Calculus for Science, Engineering, and Mathematics (5.00)",[['MATH 5A - Math Analysis I (5.00)']]
,,
Clovis Community College,"MATH 19B - Calculus for Science, Engineering, and Mathematics (5.00)",[['MATH 5B - Math Analysis II (4.00)']]
,,
Clovis Community College,CSE 12 - Computer Systems and Assembly Language and Lab (7.00),[['CSCI 45 - Computer Organization and Assembly Language Programming (4.00)']]
,,
Clovis Community College,CSE 16 - APPLIED DISCRETE MATHEMATICS (5.00),[['CSCI 26 - Discrete Mathematics for Computer Science (4.00)']]
,,
Compton College,CSE 30 - Programming Abstractions: Python (7.00),[['No Course Articulated']]
,,
Compton College,CSE 13S - Computer Systems and C Programming (7.00),[['No Course Articulated']]
,,
Compton College,"MATH 19A - Calculus for Science, Engineering, and Mathematics (5.00)",[['MATH 190 - Single Variable Calculus and Analytic Geometry I (5.00)']]
,,
Compton College,"MATH 19B - Calculus for Science, Engineering, and Mathematics (5.00)",[['MATH 191 - Single Variable Calculus and Analytic Geometry II (5.00)']]
,,
Compton College,CSE 12 - Computer Systems and Assembly Language and Lab (7.00),[['No Course Articulated']]
,,
Compton College,CSE 16 - APPLIED DISCRETE MATHEMATICS (5.00),[['MATH 210 - Introduction to Discrete Structures (5.00)']]
,,
Madera Community College,CSE 30 - Programming Abstractions: Python (7.00),[['CSCI 41 - Programming Concepts and Methodology II (4.00)']]
,,
Madera Community College,CSE 13S - Computer Systems and C Programming (7.00),[['No Course Articulated']]
,,
Madera Community College,"MATH 19A - Calculus for Science, Engineering, and Mathematics (5.00)",[['MATH 5A - Math Analysis I (5.00)']]
,,
Madera Community College,"MATH 19B - Calculus for Science, Engineering, and Mathematics (5.00)",[['MATH 5B - Math Analysis II (4.00)']]
,,
Madera Community College,CSE 12 - Computer Systems and Assembly Language and Lab (7.00),[['CSCI 45 - Computer Organization and Assembly Language Programming (4.00)']]
,,
Madera Community College,CSE 16 - APPLIED DISCRETE MATHEMATICS (5.00),[['CSCI 26 - Discrete Mathematics for Computer Science (4.00)']]